latitude,longitude,brightness,scan,track,acq_date,acq_time,satellite,instrument,confidence,version,bright_t31,frp,daynight,type
-5.125,-80.9013,351.1,1.1,1,2001-01-01,1609,Terra,MODIS,95,6.2,304.3,52.4,D,0
-5.1264,-80.8915,354.1,1.1,1,2001-01-01,1609,Terra,MODIS,96,6.2,305.3,60.4,D,0
-4.5326,-79.9663,324.7,1,1,2001-01-03,1557,Terra,MODIS,57,6.2,303.8,9.6,D,0
-5.1292,-80.9155,327.2,1,1,2001-01-03,1557,Terra,MODIS,60,6.2,304,7.5,D,0
-5.1305,-80.9062,334.4,1,1,2001-01-03,1557,Terra,MODIS,79,6.2,306.2,16.8,D,0
-5.1397,-80.9075,331.8,1,1,2001-01-03,1557,Terra,MODIS,75,6.2,305.1,13.3,D,0
-5.4581,-79.7502,328.8,1,1,2001-01-03,1557,Terra,MODIS,62,6.2,302,14.2,D,0
-6.6196,-79.8062,330.5,1,1,2001-01-03,1558,Terra,MODIS,77,6.2,304.5,10.7,D,0
-6.6673,-79.7306,329.2,1,1,2001-01-03,1558,Terra,MODIS,57,6.2,303.3,11.7,D,0
-6.7223,-79.6713,329.4,1,1,2001-01-03,1558,Terra,MODIS,59,6.2,300.4,14.4,D,0
-6.8033,-79.6187,323.9,1,1,2001-01-03,1558,Terra,MODIS,52,6.2,301.4,7.8,D,0
-9.1253,-78.1988,325.4,1.1,1.1,2001-01-03,1558,Terra,MODIS,43,6.2,302.2,9.1,D,0
-7.2513,-75.054,313,1.1,1,2001-01-05,1545,Terra,MODIS,69,6.2,290.9,8.4,D,0
-6.7404,-79.6609,322.4,1.2,1.1,2001-01-05,1545,Terra,MODIS,50,6.2,297.9,10,D,0
-4.43,-80.2999,327.3,1.4,1.2,2001-01-08,1615,Terra,MODIS,79,6.2,302.7,19,D,0
-6.6911,-76.5501,323.6,3,1.6,2001-01-08,1616,Terra,MODIS,78,6.2,278.4,94.9,D,0
-3.0919,-76.4386,320.8,1.5,1.2,2001-01-10,1602,Terra,MODIS,69,6.2,290.2,28,D,0
-5.1796,-78.9833,323.5,1.1,1.1,2001-01-10,1603,Terra,MODIS,80,6.2,296.7,19.5,D,0
-5.375,-78.464,310,1.2,1.1,2001-01-10,1603,Terra,MODIS,56,6.2,292.3,7.4,D,0
-6.5496,-77.2149,305.3,1.5,1.2,2001-01-10,1603,Terra,MODIS,24,6.2,286.8,8.2,D,0
-6.5605,-77.2156,308.1,1.5,1.2,2001-01-10,1603,Terra,MODIS,44,6.2,288.2,11.1,D,0
-6.7376,-79.732,326.7,1.1,1,2001-01-10,1603,Terra,MODIS,47,6.2,301.4,12.7,D,0
-17.4895,-71.3569,339.4,1.1,1,2001-01-11,1511,Terra,MODIS,0,6.2,306.8,21.5,D,0
-3.1404,-76.4156,313.7,1,1,2001-01-12,1550,Terra,MODIS,0,6.2,295.9,9,D,0
-17.4859,-71.3519,333.9,1.6,1.2,2001-01-23,1535,Terra,MODIS,0,6.2,309,29.8,D,0
-14.2111,-75.8981,332.7,4.3,1.9,2001-01-24,1617,Terra,MODIS,85,6.2,305.1,101.6,D,0
-4.8318,-80.8678,332.5,1,1,2001-01-26,1603,Terra,MODIS,78,6.2,303.5,12.5,D,0
-6.7374,-79.779,322,1.1,1,2001-01-26,1603,Terra,MODIS,34,6.2,302.2,8.6,D,0
-7.6882,-79.2056,324.3,1,1,2001-01-28,1551,Terra,MODIS,80,6.2,291.9,13.5,D,0
-5.8157,-78.5774,319.8,2.6,1.6,2001-01-31,1621,Terra,MODIS,66,6.2,291.4,49.8,D,0
-6.9659,-76.7294,311.5,3.8,1.8,2001-01-31,1622,Terra,MODIS,52,6.2,288.6,48,D,0
-7.0393,-76.187,301.5,1.1,1,2001-02-02,0344,Terra,MODIS,42,6.2,291,3.7,N,0
-17.2138,-71.6875,310.2,1.3,1.1,2001-02-05,1505,Terra,MODIS,31,6.2,295,14,D,3
-17.2158,-71.6755,314.3,1.3,1.1,2001-02-05,1505,Terra,MODIS,57,6.2,297,18,D,3
-17.4943,-71.3548,325.1,1.6,1.2,2001-02-08,1535,Terra,MODIS,0,6.2,295.3,17.2,D,0
-6.7582,-79.7052,321.5,1.7,1.3,2001-02-09,1615,Terra,MODIS,59,6.2,298.1,15.5,D,0
-6.7697,-79.7067,328.8,1.7,1.3,2001-02-09,1615,Terra,MODIS,82,6.2,297.1,32.7,D,0
-4.6544,-80.4657,327,1,1,2001-02-11,1603,Terra,MODIS,52,6.2,305,7.5,D,0
-5.3464,-80.77,327.7,1,1,2001-02-11,1603,Terra,MODIS,62,6.2,305.4,9.5,D,0
-9.2049,-78.3647,327.2,1.4,1.2,2001-02-11,1604,Terra,MODIS,62,6.2,301.5,20,D,0
-10.6708,-77.6188,321,1.6,1.3,2001-02-11,1604,Terra,MODIS,67,6.2,293.3,18.2,D,0
-6.7755,-79.7738,332.3,1,1,2001-02-13,1551,Terra,MODIS,66,6.2,301.4,16.8,D,0
-8.5097,-74.8185,304.5,1.2,1.1,2001-02-16,0356,Terra,MODIS,60,6.2,289.8,7.4,N,0
-8.4455,-74.8306,319.6,1.1,1.1,2001-02-17,1527,Terra,MODIS,74,6.2,296.8,9.7,D,0
-6.6791,-76.4478,310,2.3,1.5,2001-02-18,1609,Terra,MODIS,49,6.2,286.9,16.5,D,0
-7.8926,-79.2578,333.2,1.5,1.2,2001-02-18,1609,Terra,MODIS,86,6.2,295.7,44.1,D,0
-6.7296,-79.4658,342.5,1,1,2001-02-20,1557,Terra,MODIS,52,6.2,297.4,33.9,D,0
-7.2446,-79.4684,321.9,1,1,2001-02-20,1557,Terra,MODIS,24,6.2,303.3,11.8,D,0
-8.8801,-78.3991,362.1,1.1,1.1,2001-02-20,1557,Terra,MODIS,100,6.2,306.1,85.2,D,0
-8.8815,-78.3892,327.6,1.1,1.1,2001-02-20,1557,Terra,MODIS,55,6.2,304.5,8.2,D,0
-13.8459,-76.4533,312.1,3.3,1.7,2001-02-21,1503,Terra,MODIS,36,6.2,293.5,60.5,D,3
-17.4927,-71.3481,327.8,1.2,1.1,2001-02-21,1504,Terra,MODIS,28,6.2,303.6,15.8,D,0
-0.228,-74.9239,310.8,1,1,2001-02-22,1543,Terra,MODIS,41,6.2,296.5,5.5,D,0
-10.6574,-77.7647,332.4,1.1,1,2001-03-01,1551,Terra,MODIS,73,6.2,302.8,16.2,D,0
-6.7712,-79.6685,323.8,1.5,1.2,2001-03-03,1538,Terra,MODIS,30,6.2,299.3,14.9,D,0
-12.8705,-72.6915,311.6,1,1,2001-03-05,1527,Terra,MODIS,59,6.2,296.9,6.4,D,0
-17.4907,-71.3501,325.5,1.3,1.1,2001-03-05,1528,Terra,MODIS,49,6.2,303.3,9.9,D,0
-17.7697,-70.9098,332.7,1.4,1.2,2001-03-05,1528,Terra,MODIS,82,6.2,303.7,24.3,D,0
-17.4892,-71.3569,300.4,1,1,2001-03-06,0340,Terra,MODIS,25,6.2,276,6.1,N,0
-6.772,-79.6751,320.8,1.3,1.1,2001-03-06,1608,Terra,MODIS,42,6.2,297.2,11.9,D,0
-7.3448,-79.4464,312.7,1.4,1.2,2001-03-06,1609,Terra,MODIS,44,6.2,291.1,9.2,D,0
-14.98,-75.1329,332.3,3.8,1.8,2001-03-06,1610,Terra,MODIS,69,6.2,304.2,100,D,0
-14.984,-75.0964,333,3.8,1.8,2001-03-06,1610,Terra,MODIS,68,6.2,304.5,94.3,D,0
-14.9877,-75.061,332.8,3.8,1.8,2001-03-06,1610,Terra,MODIS,82,6.2,304.9,87.4,D,0
-15.0003,-75.0987,331.2,3.8,1.8,2001-03-06,1610,Terra,MODIS,53,6.2,304.5,74.7,D,0
-15.0042,-75.0628,331.9,3.8,1.8,2001-03-06,1610,Terra,MODIS,73,6.2,305.3,80.1,D,0
-14.9905,-75.1029,332.3,3.8,1.8,2001-03-06,1610,Terra,MODIS,61,6.2,304.3,86.1,D,0
-14.9941,-75.0671,332.6,3.8,1.8,2001-03-06,1610,Terra,MODIS,83,6.2,304.9,86.1,D,0
-15.0106,-75.069,331.9,3.8,1.8,2001-03-06,1610,Terra,MODIS,73,6.2,305.2,81.2,D,0
-9.148,-78.3434,345.9,1,1,2001-03-10,1544,Terra,MODIS,77,6.2,301.5,40.9,D,0
-2.7179,-70.4387,311.6,1.2,1.1,2001-03-12,1530,Terra,MODIS,34,6.2,294.2,6,D,0
-3.7114,-71.342,312.7,1.1,1,2001-03-12,1530,Terra,MODIS,61,6.2,296.4,6.4,D,0
-7.8282,-79.3443,322,1.8,1.3,2001-03-12,1532,Terra,MODIS,72,6.2,296.9,17.4,D,0
-7.8309,-79.3277,319.9,1.8,1.3,2001-03-12,1532,Terra,MODIS,49,6.2,296.3,13.5,D,0
-14.2055,-75.8771,331.8,4.2,1.9,2001-03-13,1616,Terra,MODIS,53,6.2,301.7,119.1,D,0
-17.4938,-71.351,302,1,1,2001-03-15,0334,Terra,MODIS,46,6.2,289.6,5.2,N,0
-14.953,-75.1431,332.7,2.8,1.6,2001-03-15,1604,Terra,MODIS,61,6.2,304.3,65.6,D,0
-14.9675,-75.1455,328.8,2.8,1.6,2001-03-15,1604,Terra,MODIS,30,6.2,304.1,47.7,D,0
-14.9706,-75.1184,332.3,2.9,1.6,2001-03-15,1604,Terra,MODIS,39,6.2,304.7,59,D,0
-14.9737,-75.0917,331.9,2.9,1.6,2001-03-15,1604,Terra,MODIS,48,6.2,304.6,54.9,D,0
-14.9818,-75.1482,329,2.8,1.6,2001-03-15,1604,Terra,MODIS,21,6.2,304.2,47.1,D,0
-14.9723,-75.1243,332.3,2.9,1.6,2001-03-15,1604,Terra,MODIS,44,6.2,304.5,57.3,D,0
-14.9752,-75.0974,333,2.9,1.6,2001-03-15,1604,Terra,MODIS,65,6.2,304.7,61.8,D,0
-14.9868,-75.1266,331.4,2.9,1.6,2001-03-15,1604,Terra,MODIS,60,6.2,304.3,51.7,D,0
-14.9898,-75.0993,331,2.9,1.6,2001-03-15,1604,Terra,MODIS,51,6.2,303.9,45.4,D,0
-14.9748,-74.9025,326.9,1.9,1.3,2001-03-16,1509,Terra,MODIS,55,6.2,301.8,13.6,D,0
-9.1859,-78.3629,326.4,1.2,1.1,2001-03-19,1538,Terra,MODIS,43,6.2,297.6,11.2,D,0
-11.5937,-77.2387,317.7,1,1,2001-03-19,1539,Terra,MODIS,39,6.2,294,5.4,D,0
-16.6127,-72.7358,323.9,1.6,1.2,2001-03-19,1540,Terra,MODIS,67,6.2,295.8,21.9,D,0
-12.0876,-77.2281,310.5,4.1,1.9,2001-03-20,1622,Terra,MODIS,33,6.2,292.6,72.4,D,3
-17.4923,-71.3524,325.8,1.3,1.1,2001-03-21,1528,Terra,MODIS,0,6.2,302.4,9.7,D,0
-15.0659,-75.0535,332.6,3.8,1.8,2001-03-22,1610,Terra,MODIS,85,6.2,305.7,87.7,D,0
-15.0557,-75.0575,332.2,3.8,1.8,2001-03-22,1610,Terra,MODIS,83,6.2,305.4,83.6,D,0
-15.0593,-75.0222,331,3.9,1.8,2001-03-22,1610,Terra,MODIS,68,6.2,304.7,77.7,D,0
-15.0722,-75.0597,332,3.8,1.8,2001-03-22,1610,Terra,MODIS,82,6.2,305.4,79.4,D,0
-15.1456,-74.9958,333.2,3.9,1.8,2001-03-22,1610,Terra,MODIS,85,6.2,305.5,97.5,D,0
-16.4079,-73.1072,332.2,1.1,1,2001-03-23,1515,Terra,MODIS,73,6.2,299.5,19.5,D,0
-16.4141,-73.104,325.9,1.1,1,2001-03-23,1515,Terra,MODIS,36,6.2,299.8,11,D,0
-17.4916,-71.3506,326,1,1,2001-03-23,1515,Terra,MODIS,44,6.2,305.9,9.5,D,0
-17.4959,-71.3563,300.5,1.1,1.1,2001-03-24,0328,Terra,MODIS,28,6.2,290,5.5,N,0
-17.4916,-71.3473,319.4,1.2,1.1,2001-03-25,1503,Terra,MODIS,45,6.2,295.3,12.4,D,0
-17.4914,-71.3537,327.7,1.2,1.1,2001-03-25,1503,Terra,MODIS,0,6.2,296.6,22.6,D,0
-16.6085,-72.7701,328,2,1.4,2001-03-26,1546,Terra,MODIS,59,6.2,294.6,46.7,D,0
-16.6099,-72.7758,320.1,2,1.4,2001-03-26,1546,Terra,MODIS,0,6.2,293.3,23.9,D,0
-16.612,-72.757,322.7,2,1.4,2001-03-26,1546,Terra,MODIS,56,6.2,293.5,32.6,D,0
-17.4946,-71.3552,308.3,1.2,1.1,2001-03-29,0346,Terra,MODIS,74,6.2,287.6,12.8,N,0
-11.1262,-75.3549,301.2,1.4,1.2,2001-04-02,1550,Terra,MODIS,28,6.2,282.3,4.3,D,0
-7.7073,-79.288,318.1,4.3,1.9,2001-04-03,1632,Terra,MODIS,33,6.2,293.2,52.9,D,0
-12.5956,-69.1877,313.4,1.1,1,2001-04-10,1501,Terra,MODIS,33,6.2,296.3,6.4,D,0
-17.4883,-71.3501,333.3,1.2,1.1,2001-04-10,1503,Terra,MODIS,60,6.2,303,28.9,D,0
-13.8456,-76.4567,318.9,1.1,1,2001-04-11,1545,Terra,MODIS,65,6.2,302.4,16.8,D,3
-14.2744,-71.2294,308,1,1,2001-04-15,1520,Terra,MODIS,52,6.2,295,5.6,D,0
-14.791,-71.4102,309.1,1,1,2001-04-15,1520,Terra,MODIS,65,6.2,295.3,5.7,D,0
-7.9395,-79.2207,314.2,1.2,1.1,2001-04-16,1602,Terra,MODIS,40,6.2,296.7,7.1,D,0
-13.3672,-75.8697,314.2,2.4,1.5,2001-04-16,1603,Terra,MODIS,74,6.2,294.2,18.2,D,0
-13.3755,-75.8757,313.1,2.4,1.5,2001-04-16,1603,Terra,MODIS,73,6.2,293.9,16.9,D,0
-14.8803,-70.5933,310.2,1,1,2001-04-17,1508,Terra,MODIS,55,6.2,296.9,4.8,D,0
-14.7933,-71.4066,307.8,1.1,1.1,2001-04-17,1508,Terra,MODIS,59,6.2,294.7,5.5,D,0
-7.8548,-79.2412,317,1,1,2001-04-18,1549,Terra,MODIS,53,6.2,299.8,8,D,0
-8.2066,-74.6643,311.7,1,1,2001-04-20,1537,Terra,MODIS,56,6.2,296,5.3,D,0
-8.208,-74.6551,311.8,1,1,2001-04-20,1537,Terra,MODIS,56,6.2,296.9,5.5,D,0
-13.6555,-69.1336,303.7,1.6,1.2,2001-04-22,1526,Terra,MODIS,24,6.2,287.5,4.5,D,0
-13.5284,-76.0848,318.9,1.1,1.1,2001-04-22,1526,Terra,MODIS,70,6.2,298.9,11.3,D,0
-14.7931,-71.4109,308.1,1.2,1.1,2001-04-22,1527,Terra,MODIS,61,6.2,295.6,5.9,D,0
-13.9882,-75.696,321.2,1.7,1.3,2001-04-24,1514,Terra,MODIS,65,6.2,303.7,12.8,D,0
-15.4939,-74.6295,327.6,1,1,2001-05-15,1532,Terra,MODIS,38,6.2,302.8,16.1,D,0
-15.4953,-74.6201,332.2,1,1,2001-05-15,1532,Terra,MODIS,67,6.2,304.1,21,D,0
-6.4907,-76.3625,310.1,1.8,1.3,2001-05-18,1601,Terra,MODIS,33,6.2,292.6,9.5,D,0
-10.7581,-75.4374,310.5,1.1,1.1,2001-05-24,1525,Terra,MODIS,67,6.2,295.5,9.4,D,0
-11.5062,-74.4529,326.3,1,1,2001-05-24,1525,Terra,MODIS,84,6.2,293.5,22.1,D,0
-13.244,-72.1307,302.6,1.1,1,2001-05-24,1525,Terra,MODIS,47,6.2,289.7,4.8,D,0
-14.7917,-71.4078,305.8,1.2,1.1,2001-05-24,1526,Terra,MODIS,55,6.2,293.4,5.1,D,0
-14.6269,-73.0144,302.5,1,1,2001-05-24,1526,Terra,MODIS,33,6.2,290.4,4.6,D,0
-17.4907,-71.3547,313.3,1,1,2001-05-25,0339,Terra,MODIS,87,6.2,286.7,15.5,N,0
-3.58,-80.5343,316.6,1.1,1,2001-05-25,1606,Terra,MODIS,0,6.2,294.8,10.6,D,0
-14.7954,-71.4085,303.6,1,1,2001-05-26,1514,Terra,MODIS,30,6.2,290.8,3.3,D,0
-5.5827,-78.675,323.6,1,1,2001-05-27,1554,Terra,MODIS,80,6.2,294.3,15.8,D,0
-13.5256,-70.7577,303.2,4.7,2,2001-05-27,1556,Terra,MODIS,45,6.2,280.6,62.7,D,0
-13.5253,-70.7644,306.3,4.7,2,2001-05-27,1556,Terra,MODIS,51,6.2,280.5,80.8,D,0
-13.3339,-73.0134,305.5,3.1,1.7,2001-05-27,1556,Terra,MODIS,55,6.2,288.9,39.3,D,0
-12.091,-76.8441,309.8,1.1,1,2001-05-30,0359,Terra,MODIS,68,6.2,285.9,13.4,N,0
-13.9161,-70.2549,302.1,1.7,1.3,2001-05-31,1531,Terra,MODIS,0,6.2,286.6,8.7,D,0
-7.1876,-79.4215,314.5,1.8,1.3,2001-06-01,1613,Terra,MODIS,68,6.2,296.2,13.9,D,0
-7.196,-79.4126,315.9,1.8,1.3,2001-06-01,1613,Terra,MODIS,22,6.2,296.4,12.8,D,0
-5.3401,-78.7933,316.5,1.2,1.1,2001-06-03,1600,Terra,MODIS,75,6.2,291.8,14,D,0
-6.7757,-79.6937,317.6,1.1,1,2001-06-03,1600,Terra,MODIS,73,6.2,291.6,11.3,D,0
-13.0283,-76.4201,312.2,1.3,1.1,2001-06-05,1550,Terra,MODIS,38,6.2,293.7,5.5,D,0
-3.8621,-73.345,318.1,1.1,1,2001-06-07,1535,Terra,MODIS,73,6.2,294.5,11.4,D,0
-8.1184,-77.6382,319.9,1.1,1.1,2001-06-07,1536,Terra,MODIS,57,6.2,305,11,D,0
-11.9306,-75.2054,305.1,1,1,2001-06-07,1537,Terra,MODIS,33,6.2,292.4,4.4,D,0
-8.5643,-77.0629,313.7,1,1,2001-06-14,1542,Terra,MODIS,70,6.2,290.6,11.4,D,0
-8.5656,-77.0539,329.8,1,1,2001-06-14,1542,Terra,MODIS,85,6.2,293.2,27.9,D,0
-4.8441,-80.8024,316.7,1,1,2001-07-05,1559,Terra,MODIS,62,6.2,300.3,4.2,D,0
-5.1826,-80.0594,317.8,1,1,2001-07-05,1559,Terra,MODIS,68,6.2,299.4,10,D,0
-10.6092,-77.2684,348.9,1.1,1,2001-07-07,1548,Terra,MODIS,95,6.2,300.7,60.9,D,0
-10.6108,-77.257,328.3,1.1,1,2001-07-07,1548,Terra,MODIS,56,6.2,302.9,22.9,D,0
-14.8795,-70.5021,312.7,2.2,1.4,2001-07-09,1537,Terra,MODIS,63,6.2,293.3,29.6,D,0
-11.983,-75.316,313.8,1.1,1,2001-07-11,1524,Terra,MODIS,69,6.2,298.8,7.2,D,0
-7.2905,-79.4171,318.6,1.4,1.2,2001-07-12,1606,Terra,MODIS,43,6.2,299.1,11.7,D,0
-7.3396,-79.4167,313.4,1.4,1.2,2001-07-12,1606,Terra,MODIS,61,6.2,297.6,7.6,D,0
-7.3641,-79.4708,336.8,1.4,1.2,2001-07-12,1606,Terra,MODIS,88,6.2,298,45.6,D,0
-7.3659,-79.4583,326.4,1.4,1.2,2001-07-12,1606,Terra,MODIS,79,6.2,298.4,23.7,D,0
-7.3695,-79.4783,319.6,1.4,1.2,2001-07-12,1606,Terra,MODIS,47,6.2,298.6,11.1,D,0
-7.3712,-79.4656,335.8,1.4,1.2,2001-07-12,1606,Terra,MODIS,88,6.2,299.1,42.8,D,0
-6.6491,-79.3842,316.4,1,1,2001-07-14,1553,Terra,MODIS,69,6.2,297.2,7.5,D,0
-12.9528,-73.7519,312.5,1.1,1,2001-07-18,1530,Terra,MODIS,66,6.2,292.3,12.2,D,0
-13.246,-71.5922,302.4,1.4,1.2,2001-07-18,1530,Terra,MODIS,26,6.2,288.7,7.7,D,0
-13.1301,-72.8234,305.2,1.2,1.1,2001-07-18,1530,Terra,MODIS,51,6.2,291.4,7.8,D,0
-13.1316,-72.8126,303.5,1.2,1.1,2001-07-18,1530,Terra,MODIS,34,6.2,289.5,6.2,D,0
-13.9751,-72.1635,308.4,1.3,1.1,2001-07-18,1530,Terra,MODIS,29,6.2,294.1,5.2,D,0
-11.5902,-74.9881,304.8,1.3,1.1,2001-07-20,1518,Terra,MODIS,14,6.2,291.2,6.5,D,0
-11.5911,-74.982,306.5,1.3,1.1,2001-07-20,1518,Terra,MODIS,33,6.2,291.9,7.4,D,0
-14.5011,-69.2002,351.8,1.3,1.1,2001-07-20,1518,Terra,MODIS,96,6.2,297.7,91.1,D,0
-14.511,-69.2028,323.7,1.3,1.1,2001-07-20,1518,Terra,MODIS,80,6.2,292,26.9,D,0
-4.7581,-80.5709,320.8,1,1,2001-07-21,1559,Terra,MODIS,72,6.2,299.9,9.3,D,0
-4.7594,-80.5619,316.3,1,1,2001-07-21,1559,Terra,MODIS,61,6.2,299.6,5.4,D,0
-5.2797,-80.719,317,1,1,2001-07-21,1559,Terra,MODIS,61,6.2,298.9,6.2,D,0
-6.4781,-79.6325,319.4,1.1,1,2001-07-21,1559,Terra,MODIS,71,6.2,301.7,10,D,0
-6.503,-79.8997,314.6,1.1,1,2001-07-21,1559,Terra,MODIS,61,6.2,298.7,5.6,D,0
-6.6662,-79.8464,318.6,1.1,1,2001-07-21,1559,Terra,MODIS,72,6.2,298.3,8.5,D,0
-6.7169,-79.8239,314.6,1.1,1,2001-07-21,1559,Terra,MODIS,57,6.2,298.7,5.6,D,0
-7.1986,-79.5388,331.8,1.1,1.1,2001-07-21,1559,Terra,MODIS,84,6.2,299.4,25.9,D,0
-7.3111,-79.5299,332,1.1,1.1,2001-07-21,1559,Terra,MODIS,85,6.2,298.5,26.3,D,0
-7.3323,-79.4501,326.6,1.1,1.1,2001-07-21,1559,Terra,MODIS,80,6.2,299,19.6,D,0
-7.3338,-79.4399,319.1,1.1,1.1,2001-07-21,1559,Terra,MODIS,71,6.2,299.2,10.6,D,0
-7.3373,-79.4463,327.3,1.1,1.1,2001-07-21,1559,Terra,MODIS,81,6.2,300.2,20.7,D,0
-7.3873,-79.5051,317.5,1.1,1.1,2001-07-21,1559,Terra,MODIS,50,6.2,298.1,7,D,0
-7.4063,-79.5077,315.7,1.1,1.1,2001-07-21,1559,Terra,MODIS,42,6.2,295.8,6,D,0
-10.2374,-75.7517,320.8,2.3,1.5,2001-07-21,1600,Terra,MODIS,79,6.2,293.5,57.1,D,0
-11.7542,-75.0835,306.7,2.7,1.6,2001-07-21,1600,Terra,MODIS,56,6.2,291.6,26.8,D,0
-12.557,-72.9073,316.6,4.1,1.9,2001-07-21,1601,Terra,MODIS,65,6.2,288.4,103.2,D,0
-12.5618,-72.9124,316.5,4.1,1.9,2001-07-21,1601,Terra,MODIS,70,6.2,288.6,102,D,0
-9.2849,-76.3993,307.9,3,1.7,2001-07-22,1505,Terra,MODIS,44,6.2,293.1,27.9,D,0
-9.2843,-76.4064,308.2,3,1.7,2001-07-22,1505,Terra,MODIS,56,6.2,293.2,30.8,D,0
-10.7633,-75.518,312.9,2.4,1.5,2001-07-22,1505,Terra,MODIS,69,6.2,298.6,34.3,D,0
-11.7155,-74.8469,309.2,2.1,1.4,2001-07-22,1505,Terra,MODIS,51,6.2,296.7,19.9,D,0
-13.1052,-72.3249,319.5,1.3,1.1,2001-07-22,1506,Terra,MODIS,78,6.2,294.2,22.9,D,0
-13.1071,-72.313,331.5,1.3,1.1,2001-07-22,1506,Terra,MODIS,87,6.2,295,41.5,D,0
-13.103,-72.7804,306.9,1.4,1.2,2001-07-22,1506,Terra,MODIS,33,6.2,293.4,9,D,0
-14.1813,-69.4014,312.5,1,1,2001-07-22,1506,Terra,MODIS,37,6.2,298.1,7.5,D,0
-15.2809,-72.9332,328.7,1.3,1.1,2001-07-22,1506,Terra,MODIS,82,6.2,304.9,28.4,D,0
-15.2915,-72.9319,320.5,1.3,1.1,2001-07-22,1506,Terra,MODIS,73,6.2,300.5,16.1,D,0
-9.0494,-77.85,325.1,1,1,2001-07-23,1548,Terra,MODIS,80,6.2,304.2,16.5,D,0
-10.048,-75.6497,306.2,1.3,1.1,2001-07-23,1548,Terra,MODIS,29,6.2,289.5,8.3,D,0
-10.3598,-76.9562,310.9,1.1,1.1,2001-07-23,1548,Terra,MODIS,36,6.2,293.2,8.9,D,0
-15.5838,-71.6076,331.6,1.7,1.3,2001-07-24,1454,Terra,MODIS,85,6.2,295.8,61,D,0
-15.5864,-71.592,319.4,1.7,1.3,2001-07-24,1454,Terra,MODIS,73,6.2,293.5,30.2,D,0
-8.5269,-74.3383,310.5,1.1,1,2001-07-25,1535,Terra,MODIS,0,6.2,295.7,5.9,D,0
-13.4567,-73.16,305.9,1.4,1.2,2001-07-25,1536,Terra,MODIS,16,6.2,286.6,3.4,D,0
-16.8745,-69.4232,312.8,2.9,1.6,2001-07-25,1537,Terra,MODIS,62,6.2,296.6,31.9,D,0
-4.3681,-73.4815,320.7,1.1,1,2001-07-27,1522,Terra,MODIS,76,6.2,295.8,15.1,D,0
-7.0344,-76.5729,315.7,1.5,1.2,2001-07-27,1522,Terra,MODIS,60,6.2,295.8,11.4,D,0
-11.52,-76.7543,319.1,1.3,1.1,2001-07-27,1524,Terra,MODIS,71,6.2,296.6,18.8,D,0
-6.5232,-79.8559,321.2,1.3,1.1,2001-07-28,1605,Terra,MODIS,75,6.2,296.2,16.1,D,0
-6.6428,-79.8069,323.2,1.3,1.1,2001-07-28,1605,Terra,MODIS,78,6.2,297.9,17.6,D,0
-6.6404,-79.813,316,1.3,1.1,2001-07-28,1605,Terra,MODIS,37,6.2,298,7.6,D,0
-6.642,-79.8014,317.4,1.3,1.1,2001-07-28,1605,Terra,MODIS,56,6.2,298.5,9.3,D,0
-7.3153,-79.447,314.8,1.4,1.2,2001-07-28,1605,Terra,MODIS,54,6.2,295.2,8.2,D,0
-14.0225,-72.1162,302.3,1.1,1,2001-07-30,0326,Terra,MODIS,48,6.2,278.1,10.9,N,0
-4.5294,-79.8359,314.6,1,1,2001-07-30,1552,Terra,MODIS,66,6.2,299.7,8.7,D,0
-4.5484,-79.8936,313.4,1,1,2001-07-30,1552,Terra,MODIS,63,6.2,297.6,7.7,D,0
-5.4452,-78.6743,317.3,1,1,2001-07-30,1553,Terra,MODIS,74,6.2,299,8.4,D,0
-5.5621,-78.8823,314,1,1,2001-07-30,1553,Terra,MODIS,43,6.2,293.6,7.6,D,0
-5.5635,-78.8732,323.1,1,1,2001-07-30,1553,Terra,MODIS,75,6.2,298.4,15.1,D,0
-5.6144,-78.7768,319.6,1,1,2001-07-30,1553,Terra,MODIS,54,6.2,301.6,9.2,D,0
-5.8051,-77.9645,312.4,1.1,1,2001-07-30,1553,Terra,MODIS,58,6.2,294.4,9.9,D,0
-5.6978,-78.8991,313.5,1,1,2001-07-30,1553,Terra,MODIS,67,6.2,294.2,10.2,D,0
-5.9078,-77.8228,309.1,1.1,1.1,2001-07-30,1553,Terra,MODIS,52,6.2,294.7,6.5,D,0
-7.6693,-77.8535,324.3,1.2,1.1,2001-07-30,1553,Terra,MODIS,80,6.2,302.5,18.1,D,0
-7.679,-77.8542,326.2,1.2,1.1,2001-07-30,1553,Terra,MODIS,82,6.2,301,20.2,D,0
-8.9513,-77.886,341.5,1.2,1.1,2001-07-30,1554,Terra,MODIS,92,6.2,300.9,51.6,D,0
-8.6929,-77.0809,314.2,4.6,2,2001-07-31,1458,Terra,MODIS,71,6.2,294.2,98.6,D,0
-8.693,-77.0873,314,4.6,2,2001-07-31,1458,Terra,MODIS,71,6.2,294.3,99,D,0
-13.3127,-71.5155,324.3,1.4,1.2,2001-07-31,1459,Terra,MODIS,82,6.2,300.7,27,D,0
-13.3146,-71.5035,327.6,1.4,1.2,2001-07-31,1459,Terra,MODIS,84,6.2,301.3,33,D,0
-6.1509,-75.0691,314.3,1.1,1,2001-08-01,1540,Terra,MODIS,0,6.2,301.7,10.1,D,0
-7.6054,-78.4727,322.5,1,1,2001-08-01,1541,Terra,MODIS,56,6.2,307.5,14.9,D,0
-8.7067,-75.0291,311.1,1.2,1.1,2001-08-01,1541,Terra,MODIS,65,6.2,295.4,6.9,D,0
-9.4491,-76.3212,321.5,1,1,2001-08-01,1541,Terra,MODIS,68,6.2,292,19.8,D,0
-9.4582,-76.3225,314.7,1,1,2001-08-01,1541,Terra,MODIS,60,6.2,289.9,13,D,0
-9.4906,-76.6117,308.6,1,1,2001-08-01,1541,Terra,MODIS,60,6.2,296.5,6.1,D,0
-9.9415,-74.0651,310.8,1.4,1.2,2001-08-01,1541,Terra,MODIS,0,6.2,298.9,9.3,D,0
-9.7422,-75.8141,313.2,1.1,1,2001-08-01,1541,Terra,MODIS,61,6.2,296.6,10.9,D,0
-10.5177,-75.7319,302.7,1.1,1.1,2001-08-01,1542,Terra,MODIS,39,6.2,290.2,6.4,D,0
-10.5192,-75.7212,307.8,1.1,1.1,2001-08-01,1542,Terra,MODIS,63,6.2,292.1,10,D,0
-10.9599,-74.8323,319.2,1.3,1.1,2001-08-01,1542,Terra,MODIS,78,6.2,295.9,18.4,D,0
-11.4673,-74.9956,307,1.2,1.1,2001-08-01,1542,Terra,MODIS,40,6.2,290.5,9,D,0
-11.469,-74.9837,305.5,1.2,1.1,2001-08-01,1542,Terra,MODIS,39,6.2,289.5,8.2,D,0
-11.4689,-74.9905,315.7,1.2,1.1,2001-08-01,1542,Terra,MODIS,74,6.2,290.9,17.6,D,0
-13.2098,-72.7458,304.7,1.9,1.3,2001-08-01,1542,Terra,MODIS,27,6.2,291.5,14.1,D,0
-13.2165,-72.7383,311.9,1.9,1.3,2001-08-01,1542,Terra,MODIS,67,6.2,291.5,23.5,D,0
-11.1489,-74.2881,313.6,1.5,1.2,2001-08-02,0357,Terra,MODIS,87,6.2,291.5,21.6,N,0
-11.151,-74.3016,304.5,1.5,1.2,2001-08-02,0357,Terra,MODIS,60,6.2,291.4,10,N,0
-6.3015,-78.3759,302.5,1,1,2001-08-02,0359,Terra,MODIS,33,6.2,290.1,5.7,N,0
-5.3399,-78.7912,302.8,1,1,2001-08-02,0359,Terra,MODIS,51,6.2,292.5,4,N,0
-13.3431,-71.9981,315.6,2.6,1.6,2001-08-02,1447,Terra,MODIS,72,6.2,301.6,34.4,D,0
-13.6277,-70.5944,316.4,2,1.4,2001-08-02,1447,Terra,MODIS,70,6.2,299.1,29,D,0
-14.2121,-69.303,309.3,1.6,1.2,2001-08-02,1447,Terra,MODIS,48,6.2,298.4,12.2,D,0
-6.1512,-75.0686,315.2,1,1,2001-08-03,1528,Terra,MODIS,0,6.2,301,9.5,D,0
-7.41,-77.9194,321.9,1.4,1.2,2001-08-03,1529,Terra,MODIS,68,6.2,304.3,16.8,D,0
-7.4148,-77.9255,315.7,1.4,1.2,2001-08-03,1529,Terra,MODIS,56,6.2,299.7,8.4,D,0
-8.9276,-76.8173,311.9,1.2,1.1,2001-08-03,1529,Terra,MODIS,63,6.2,293.2,10,D,0
-9.2752,-75.8631,306.5,1.1,1,2001-08-03,1529,Terra,MODIS,46,6.2,295.2,3.6,D,0
-9.5847,-75.9425,311.3,1.1,1,2001-08-03,1529,Terra,MODIS,63,6.2,295.1,8,D,0
-9.6953,-75.82,310.7,1,1,2001-08-03,1529,Terra,MODIS,40,6.2,294,7.1,D,0
-10.0395,-73.9276,312.4,1,1,2001-08-03,1529,Terra,MODIS,65,6.2,297.3,7.1,D,0
-9.9932,-75.6158,309.7,1,1,2001-08-03,1529,Terra,MODIS,56,6.2,296.2,7.7,D,0
-9.9946,-75.6068,309.3,1,1,2001-08-03,1529,Terra,MODIS,53,6.2,296,7.2,D,0
-9.9716,-75.8208,311.5,1,1,2001-08-03,1529,Terra,MODIS,52,6.2,293,9.7,D,0
-9.973,-75.812,313.5,1,1,2001-08-03,1529,Terra,MODIS,54,6.2,295.6,11,D,0
-10.1254,-75.7811,308.3,1,1,2001-08-03,1529,Terra,MODIS,38,6.2,292.9,6.6,D,0
-10.2531,-75.7867,314.2,1,1,2001-08-03,1529,Terra,MODIS,65,6.2,299.6,10.3,D,0
-10.4417,-75.8812,308.9,1,1,2001-08-03,1529,Terra,MODIS,57,6.2,292,6.9,D,0
-10.5282,-75.7959,311.2,1,1,2001-08-03,1529,Terra,MODIS,45,6.2,296.9,8.3,D,0
-10.9771,-74.5695,308.1,1,1,2001-08-03,1529,Terra,MODIS,59,6.2,295.8,4.1,D,0
-10.942,-75.1202,319.5,1,1,2001-08-03,1529,Terra,MODIS,77,6.2,297.3,13.5,D,0
-10.9524,-75.547,314.3,1,1,2001-08-03,1529,Terra,MODIS,64,6.2,296.5,12.1,D,0
-11.1538,-74.3035,313.4,1,1,2001-08-03,1529,Terra,MODIS,61,6.2,298.1,7.2,D,0
-10.9913,-75.7179,314.2,1,1,2001-08-03,1530,Terra,MODIS,45,6.2,300,8.2,D,0
-10.9927,-75.7084,322.1,1,1,2001-08-03,1530,Terra,MODIS,77,6.2,299.8,15.3,D,0
-11.4928,-75.3833,311.2,1,1,2001-08-03,1530,Terra,MODIS,46,6.2,295.2,7.8,D,0
-12.1357,-74.385,324.4,1,1,2001-08-03,1530,Terra,MODIS,46,6.2,304.4,16.3,D,0
-12.1447,-74.3868,338.5,1,1,2001-08-03,1530,Terra,MODIS,80,6.2,300.6,35.5,D,0
-12.1461,-74.3772,330.6,1,1,2001-08-03,1530,Terra,MODIS,56,6.2,305.2,22.6,D,0
-12.1615,-74.527,308.8,1,1,2001-08-03,1530,Terra,MODIS,33,6.2,294.7,6.4,D,0
-12.1628,-74.5177,313,1,1,2001-08-03,1530,Terra,MODIS,59,6.2,298.4,9.5,D,0
-12.5586,-74.1317,316.3,1,1,2001-08-03,1530,Terra,MODIS,74,6.2,290.7,15,D,0
-12.6442,-74.0469,319.4,1,1,2001-08-03,1530,Terra,MODIS,77,6.2,295,15.1,D,0
-12.8227,-73.6357,356.8,1.1,1,2001-08-03,1530,Terra,MODIS,98,6.2,299.5,82.2,D,0
-12.9137,-73.5758,312.7,1.1,1,2001-08-03,1530,Terra,MODIS,71,6.2,294.6,9.5,D,0
-12.9151,-73.5655,311,1.1,1,2001-08-03,1530,Terra,MODIS,68,6.2,295.8,7.7,D,0
-13.3684,-71.2757,306.4,1.4,1.2,2001-08-03,1530,Terra,MODIS,29,6.2,293.5,9.3,D,0
-13.2213,-73.4165,332.4,1.1,1,2001-08-03,1530,Terra,MODIS,84,6.2,304.7,30.8,D,0
-13.6143,-70.5121,308.9,1.6,1.3,2001-08-03,1530,Terra,MODIS,52,6.2,291.5,16.2,D,0
-12.8587,-73.7573,301,1,1,2001-08-04,0345,Terra,MODIS,36,6.2,273.1,9.6,N,0
-8.1625,-76.4811,301.4,1,1,2001-08-04,0346,Terra,MODIS,40,6.2,290.6,4.2,N,0
-6.6902,-76.7206,308.4,2.9,1.6,2001-08-04,1611,Terra,MODIS,52,6.2,293.4,23,D,0
-8.403,-74.8435,319.7,1.4,1.2,2001-08-05,1517,Terra,MODIS,75,6.2,298.6,16.3,D,0
-8.5535,-74.81,319,1.4,1.2,2001-08-05,1517,Terra,MODIS,74,6.2,298.1,14.2,D,0
-9.5483,-75.9601,309.1,1.6,1.2,2001-08-05,1517,Terra,MODIS,48,6.2,295,9.3,D,0
-10.5133,-75.6814,314.2,1.5,1.2,2001-08-05,1517,Terra,MODIS,69,6.2,294.1,19.1,D,0
-13.0335,-73.5179,310.3,1,1,2001-08-05,1518,Terra,MODIS,58,6.2,289.9,9,D,0
-13.3764,-72.4014,307.6,1,1,2001-08-05,1518,Terra,MODIS,26,6.2,293.8,4.8,D,0
-3.4956,-80.3091,323.5,1,1,2001-08-06,1558,Terra,MODIS,40,6.2,300.3,10.2,D,0
-3.5046,-80.3104,333.5,1,1,2001-08-06,1558,Terra,MODIS,86,6.2,297.6,22.6,D,0
-6.6875,-79.8692,315.9,1.1,1,2001-08-06,1559,Terra,MODIS,65,6.2,296.7,7,D,0
-7.1399,-79.5428,317.5,1.1,1.1,2001-08-06,1559,Terra,MODIS,59,6.2,300.2,7.3,D,0
-7.1866,-79.4872,318.4,1.1,1.1,2001-08-06,1559,Terra,MODIS,60,6.2,301.4,9.8,D,0
-7.3181,-79.4448,320,1.1,1.1,2001-08-06,1559,Terra,MODIS,70,6.2,298.1,10.9,D,0
-7.403,-79.4943,321.1,1.1,1.1,2001-08-06,1559,Terra,MODIS,65,6.2,300,10.7,D,0
-8.062,-76.6762,310,1.8,1.3,2001-08-06,1559,Terra,MODIS,38,6.2,293.2,11.1,D,0
-8.3898,-74.5615,315.5,2.2,1.4,2001-08-07,1504,Terra,MODIS,32,6.2,293.6,17.6,D,0
-10.9555,-74.9006,308,1.6,1.2,2001-08-08,1548,Terra,MODIS,44,6.2,291.5,7.6,D,0
-17.4916,-71.3483,325.9,1.5,1.2,2001-08-09,1454,Terra,MODIS,0,6.2,295.3,34.1,D,0
-10.8936,-74.9903,315.6,1,1,2001-08-10,1535,Terra,MODIS,73,6.2,298.3,8.4,D,0
-11.4486,-74.4283,310,1.1,1.1,2001-08-10,1536,Terra,MODIS,40,6.2,296.7,6.4,D,0
-14.159,-70.0182,307.3,2.4,1.5,2001-08-10,1536,Terra,MODIS,51,6.2,294.8,16.5,D,0
-14.3652,-69.446,316,2.1,1.4,2001-08-11,1441,Terra,MODIS,61,6.2,300.6,25.9,D,0
-14.3658,-69.453,318.3,2.1,1.4,2001-08-11,1441,Terra,MODIS,70,6.2,302.8,30.7,D,0
-6.714,-78.9254,314.9,2.3,1.5,2001-08-12,1522,Terra,MODIS,34,6.2,293.9,25.2,D,0
-7.7072,-78.4539,313.9,2,1.4,2001-08-12,1522,Terra,MODIS,61,6.2,301.9,16.4,D,0
-7.7095,-78.4605,315.6,2,1.4,2001-08-12,1522,Terra,MODIS,66,6.2,302.8,18.7,D,0
-8.8823,-76.81,308.1,1.5,1.2,2001-08-12,1523,Terra,MODIS,38,6.2,292.9,11.5,D,0
-10.937,-74.7485,335.1,1.1,1,2001-08-12,1523,Terra,MODIS,88,6.2,299.3,34.1,D,0
-10.9384,-74.7392,324.5,1.1,1,2001-08-12,1523,Terra,MODIS,81,6.2,297.7,19.7,D,0
-11.0694,-75.0287,305.7,1.1,1,2001-08-12,1523,Terra,MODIS,38,6.2,294.4,4.7,D,0
-11.2628,-75.3213,320.2,1.1,1,2001-08-12,1523,Terra,MODIS,76,6.2,296.7,18.3,D,0
-11.641,-75.4462,319.1,1.1,1.1,2001-08-12,1523,Terra,MODIS,60,6.2,301.3,11.3,D,0
-12.3976,-72.0629,307.5,1.1,1,2001-08-12,1523,Terra,MODIS,50,6.2,294.4,8.1,D,0
-12.4195,-72.4272,314.3,1,1,2001-08-12,1523,Terra,MODIS,61,6.2,294.3,10.8,D,0
-12.4209,-72.4176,318.3,1,1,2001-08-12,1523,Terra,MODIS,71,6.2,295.2,14.2,D,0
-12.3264,-74.3285,318.5,1,1,2001-08-12,1523,Terra,MODIS,75,6.2,293.2,13.9,D,0
-12.3493,-74.3599,315.6,1,1,2001-08-12,1524,Terra,MODIS,64,6.2,295.8,9.6,D,0
-12.1226,-76.244,318,1.2,1.1,2001-08-12,1524,Terra,MODIS,23,6.2,303.1,9.2,D,0
-12.3865,-74.7245,319.1,1,1,2001-08-12,1524,Terra,MODIS,66,6.2,306.2,9.5,D,0
-12.5847,-74.201,333.6,1,1,2001-08-12,1524,Terra,MODIS,87,6.2,297.7,28.4,D,0
-12.586,-74.192,316,1,1,2001-08-12,1524,Terra,MODIS,69,6.2,297.5,8.6,D,0
-12.8562,-72.4004,305.5,1,1,2001-08-12,1524,Terra,MODIS,36,6.2,294.3,6,D,0
-12.9037,-72.1332,306,1.1,1,2001-08-12,1524,Terra,MODIS,44,6.2,295.5,6.4,D,0
-12.9051,-72.1231,314,1.1,1,2001-08-12,1524,Terra,MODIS,72,6.2,295,12.7,D,0
-12.9625,-72.3645,310.4,1,1,2001-08-12,1524,Terra,MODIS,51,6.2,300,8.9,D,0
-12.9837,-72.2152,323.7,1.1,1,2001-08-12,1524,Terra,MODIS,82,6.2,292.2,21.2,D,0
-12.4375,-75.9402,320.8,1.2,1.1,2001-08-12,1524,Terra,MODIS,59,6.2,302.4,15.3,D,0
-12.825,-73.6352,317.9,1,1,2001-08-12,1524,Terra,MODIS,75,6.2,299.5,11.3,D,0
-13.1444,-71.7299,314.7,1.1,1,2001-08-12,1524,Terra,MODIS,55,6.2,300,7.4,D,0
-12.9185,-73.5623,309,1,1,2001-08-12,1524,Terra,MODIS,45,6.2,298.3,4.3,D,0
-13.2238,-71.6135,313.5,1.1,1.1,2001-08-12,1524,Terra,MODIS,71,6.2,299.2,9.2,D,0
-13.2859,-71.305,307.1,1.2,1.1,2001-08-12,1524,Terra,MODIS,59,6.2,291.3,8.5,D,0
-13.3298,-71.3696,312,1.2,1.1,2001-08-12,1524,Terra,MODIS,63,6.2,295.5,10.2,D,0
-13.0364,-73.5112,309.4,1,1,2001-08-12,1524,Terra,MODIS,35,6.2,298.5,4.5,D,0
-14.2393,-74.0964,319.4,1,1,2001-08-12,1524,Terra,MODIS,69,6.2,301,8.8,D,0
-14.2407,-74.0873,324.8,1,1,2001-08-12,1524,Terra,MODIS,77,6.2,303.9,14.4,D,0
-15.5726,-72.8814,327.6,1.1,1,2001-08-12,1524,Terra,MODIS,80,6.2,302.9,25.2,D,0
-15.5739,-72.872,320.7,1.1,1,2001-08-12,1524,Terra,MODIS,72,6.2,300.5,17.2,D,0
-13.2756,-71.3032,302.4,1.1,1.1,2001-08-13,0338,Terra,MODIS,49,6.2,273.5,11.3,N,0
-10.8886,-74.8455,301.2,1,1,2001-08-13,0339,Terra,MODIS,39,6.2,290.6,4.7,N,0
-8.6194,-74.9172,311.4,1,1,2001-08-13,0339,Terra,MODIS,82,6.2,293.1,10.5,N,0
-8.2451,-76.5883,304.6,1.1,1.1,2001-08-13,0340,Terra,MODIS,61,6.2,290.7,7.3,N,0
-8.0436,-76.6696,305.9,1.1,1.1,2001-08-13,0340,Terra,MODIS,66,6.2,291.2,7.9,N,0
-5.9017,-77.9013,314.7,1.8,1.3,2001-08-13,1605,Terra,MODIS,70,6.2,293.1,26.2,D,0
-6.339,-76.9105,305.7,2.1,1.4,2001-08-13,1605,Terra,MODIS,49,6.2,291.4,18,D,0
-7.6868,-77.5573,309.8,2,1.4,2001-08-13,1605,Terra,MODIS,55,6.2,295.2,21.8,D,0
-8.4161,-77.0722,307.6,2.2,1.4,2001-08-13,1605,Terra,MODIS,51,6.2,292.7,19.8,D,0
-8.8029,-77.9147,319.8,1.9,1.4,2001-08-13,1606,Terra,MODIS,43,6.2,302.9,23.3,D,0
-9.2243,-76.87,309.5,2.4,1.5,2001-08-13,1606,Terra,MODIS,61,6.2,294.3,23.1,D,0
-9.7204,-76.4362,305.3,2.6,1.6,2001-08-13,1606,Terra,MODIS,27,6.2,294.1,18.5,D,0
-10.334,-75.9348,308.5,2,1.4,2001-08-14,1511,Terra,MODIS,32,6.2,294.7,12.2,D,0
-10.6957,-75.7184,315.7,1.9,1.3,2001-08-14,1511,Terra,MODIS,49,6.2,296.3,29.3,D,0
-10.938,-74.9329,334.6,1.6,1.3,2001-08-14,1511,Terra,MODIS,87,6.2,293.5,64.1,D,0
-10.9369,-74.9385,326.3,1.6,1.3,2001-08-14,1511,Terra,MODIS,81,6.2,293.4,42.4,D,0
-10.9393,-74.9243,316.1,1.6,1.3,2001-08-14,1511,Terra,MODIS,70,6.2,293.4,20.9,D,0
-10.9776,-75.6072,316.5,1.8,1.3,2001-08-14,1511,Terra,MODIS,65,6.2,291.8,28.7,D,0
-11.2407,-75.5408,328,1.8,1.3,2001-08-14,1511,Terra,MODIS,83,6.2,294.4,56,D,0
-11.5929,-74.6551,306.9,1.5,1.2,2001-08-14,1511,Terra,MODIS,33,6.2,290.1,10.6,D,0
-11.6625,-74.4969,307.3,1.5,1.2,2001-08-14,1511,Terra,MODIS,45,6.2,291.9,10.2,D,0
-11.6644,-74.4844,318.4,1.5,1.2,2001-08-14,1511,Terra,MODIS,75,6.2,293.4,25.2,D,0
-11.6565,-74.4897,322.7,1.5,1.2,2001-08-14,1511,Terra,MODIS,79,6.2,293,32.8,D,0
-12.2385,-74.3463,310.7,1.4,1.2,2001-08-14,1511,Terra,MODIS,53,6.2,296,10.2,D,0
-12.4658,-72.9673,310.5,1.2,1.1,2001-08-14,1511,Terra,MODIS,62,6.2,296.1,7.6,D,0
-12.4676,-72.9561,313.2,1.2,1.1,2001-08-14,1511,Terra,MODIS,70,6.2,295.5,10.2,D,0
-12.8729,-72.0703,326.8,1.1,1,2001-08-14,1511,Terra,MODIS,84,6.2,296.2,24,D,0
-12.4868,-75.9456,318.6,1.8,1.3,2001-08-14,1511,Terra,MODIS,53,6.2,303.9,21.4,D,0
-12.4888,-75.9333,316.8,1.8,1.3,2001-08-14,1511,Terra,MODIS,45,6.2,302,16.4,D,0
-13.208,-72.9391,309.6,1.1,1.1,2001-08-14,1511,Terra,MODIS,41,6.2,295.1,7.4,D,0
-13.4131,-72.1534,315,1.1,1,2001-08-14,1511,Terra,MODIS,48,6.2,302.5,5.2,D,0
-14.3233,-69.401,321.5,1.1,1,2001-08-14,1512,Terra,MODIS,76,6.2,294.1,17.4,D,0
-12.8471,-72.1398,300.9,1.1,1,2001-08-15,0326,Terra,MODIS,34,6.2,283.9,9.3,N,0
-5.524,-74.5628,300.7,1.2,1.1,2001-08-15,0328,Terra,MODIS,21,6.2,290.3,4.5,N,0
-8.9087,-74.657,318.2,2,1.4,2001-08-15,1553,Terra,MODIS,76,6.2,291.4,32.8,D,0
-8.9111,-74.6389,319.3,2,1.4,2001-08-15,1553,Terra,MODIS,77,6.2,291.7,36.1,D,0
-8.9137,-74.6448,326.4,2,1.4,2001-08-15,1553,Terra,MODIS,83,6.2,292,52.6,D,0
-11.401,-76.8246,317.2,1.5,1.2,2001-08-15,1554,Terra,MODIS,52,6.2,297.9,17,D,0
-12.8023,-73.6331,321.2,2.8,1.6,2001-08-15,1554,Terra,MODIS,0,6.2,280.5,74,D,0
-6.9656,-79.0563,322.1,1.1,1.1,2001-08-17,1540,Terra,MODIS,74,6.2,302.5,15.4,D,0
-7.724,-78.6643,330.8,1.1,1,2001-08-17,1541,Terra,MODIS,83,6.2,303.7,24.5,D,0
-7.7254,-78.6556,322.8,1.1,1,2001-08-17,1541,Terra,MODIS,75,6.2,305,14.3,D,0
-10.4677,-75.5431,321.5,1.1,1.1,2001-08-17,1541,Terra,MODIS,76,6.2,292,20.8,D,0
-10.4643,-77.2621,314.1,1,1,2001-08-17,1541,Terra,MODIS,51,6.2,292.4,9.9,D,0
-7.2179,-79.5239,316.4,3.2,1.7,2001-08-18,1623,Terra,MODIS,62,6.2,297.3,33,D,0
-7.2159,-79.5306,317,3.2,1.7,2001-08-18,1623,Terra,MODIS,61,6.2,297.3,36,D,0
-8.3457,-74.6254,318.6,1,1,2001-08-19,1528,Terra,MODIS,72,6.2,298.4,7.3,D,0
-8.6637,-74.9655,315,1,1,2001-08-19,1528,Terra,MODIS,65,6.2,298.1,5,D,0
-7.4585,-78.0361,306.2,1.1,1,2001-08-20,0346,Terra,MODIS,41,6.2,293.4,9.6,N,0
-4.795,-80.4543,323.2,1.4,1.2,2001-08-20,1610,Terra,MODIS,73,6.2,300.2,22.6,D,0
-7.1584,-79.5132,316.5,1.8,1.3,2001-08-20,1611,Terra,MODIS,63,6.2,299.6,14.2,D,0
-6.5447,-78.8338,309.9,1.2,1.1,2001-08-22,1559,Terra,MODIS,36,6.2,291.1,5.4,D,0
-6.5545,-78.8344,314.4,1.2,1.1,2001-08-22,1559,Terra,MODIS,70,6.2,292.4,10.6,D,0
-5.334,-78.8318,317.3,1,1,2001-08-24,1546,Terra,MODIS,74,6.2,302.5,6.4,D,0
-5.9012,-78.1674,319,1,1,2001-08-24,1546,Terra,MODIS,46,6.2,304.3,7.7,D,0
-6.0287,-78.18,314.2,1,1,2001-08-24,1546,Terra,MODIS,66,6.2,300.4,7.5,D,0
-6.7314,-78.722,322.5,1,1,2001-08-24,1546,Terra,MODIS,76,6.2,304.7,12.9,D,0
-7.5398,-75.0164,313.3,1.4,1.2,2001-08-24,1546,Terra,MODIS,0,6.2,301.6,11.7,D,0
-7.1973,-77.6126,313.3,1,1,2001-08-24,1546,Terra,MODIS,64,6.2,292.7,10.3,D,0
-7.5523,-78.0215,314.7,1,1,2001-08-24,1546,Terra,MODIS,39,6.2,300.7,6.7,D,0
-8.1607,-76.4774,308,1.2,1.1,2001-08-24,1547,Terra,MODIS,55,6.2,296.2,5.7,D,0
-8.0509,-77.8832,316.9,1,1,2001-08-24,1547,Terra,MODIS,50,6.2,303.3,6,D,0
-8.0634,-78.6243,323,1,1,2001-08-24,1547,Terra,MODIS,72,6.2,301.9,11.8,D,0
-10.2858,-75.7271,306.1,1.3,1.2,2001-08-24,1547,Terra,MODIS,29,6.2,293.5,8.6,D,0
-12.6617,-72.8188,306.9,2.4,1.5,2001-08-24,1548,Terra,MODIS,48,6.2,292.6,17.2,D,0
-11.3539,-69.4587,314.9,1.4,1.2,2001-08-25,1452,Terra,MODIS,64,6.2,299.7,9.6,D,0
-11.636,-69.2474,313.3,1.4,1.2,2001-08-25,1452,Terra,MODIS,63,6.2,299.2,9.3,D,0
-5.7235,-75.8297,310.6,1,1,2001-08-26,1534,Terra,MODIS,52,6.2,295.6,4.6,D,0
-6.67,-78.3931,319.3,1.3,1.1,2001-08-26,1534,Terra,MODIS,61,6.2,303.7,13.3,D,0
-7.277,-75.0979,313.6,1,1,2001-08-26,1534,Terra,MODIS,0,6.2,297.5,6.2,D,0
-6.7619,-79.0018,312.1,1.4,1.2,2001-08-26,1534,Terra,MODIS,24,6.2,296.7,8.4,D,0
-6.7701,-78.9972,320.8,1.4,1.2,2001-08-26,1534,Terra,MODIS,71,6.2,296.1,20.3,D,0
-7.3061,-76.6451,312.2,1,1,2001-08-26,1534,Terra,MODIS,52,6.2,298.3,4.6,D,0
-7.3706,-76.7115,313.1,1,1,2001-08-26,1534,Terra,MODIS,63,6.2,297.4,6.5,D,0
-8.3603,-74.7343,315.9,1,1,2001-08-26,1534,Terra,MODIS,66,6.2,300.1,6.5,D,0
-8.3638,-74.8385,314.9,1,1,2001-08-26,1534,Terra,MODIS,57,6.2,298.7,4.9,D,0
-8.4386,-74.571,318.4,1,1,2001-08-26,1534,Terra,MODIS,68,6.2,299.1,9.2,D,0
-8.4399,-74.5616,316.1,1,1,2001-08-26,1534,Terra,MODIS,56,6.2,298.7,6.8,D,0
-8.5539,-74.9249,323.1,1,1,2001-08-26,1534,Terra,MODIS,78,6.2,299.7,13.3,D,0
-8.5552,-74.9157,315.6,1,1,2001-08-26,1534,Terra,MODIS,61,6.2,299.6,5.6,D,0
-8.7306,-74.7834,334.5,1,1,2001-08-26,1534,Terra,MODIS,87,6.2,296.1,29.8,D,0
-8.7319,-74.7741,316.5,1,1,2001-08-26,1534,Terra,MODIS,70,6.2,295.2,8.6,D,0
-8.5047,-76.4547,310.9,1,1,2001-08-26,1534,Terra,MODIS,56,6.2,297.2,4.7,D,0
-9.2386,-75.8485,306.7,1,1,2001-08-26,1534,Terra,MODIS,35,6.2,293.5,3.8,D,0
-9.184,-76.4091,325.1,1,1,2001-08-26,1535,Terra,MODIS,60,6.2,295.7,18.6,D,0
-9.193,-76.4103,325.1,1,1,2001-08-26,1535,Terra,MODIS,80,6.2,295.9,19.6,D,0
-9.2241,-76.5721,331.1,1,1,2001-08-26,1535,Terra,MODIS,85,6.2,293.8,28,D,0
-9.2331,-76.5733,321.2,1,1,2001-08-26,1535,Terra,MODIS,76,6.2,294.6,17,D,0
-9.2344,-76.5644,310.4,1,1,2001-08-26,1535,Terra,MODIS,53,6.2,295.2,7.6,D,0
-10.0048,-75.77,316.5,1,1,2001-08-26,1535,Terra,MODIS,69,6.2,296.9,11.5,D,0
-10.3331,-73.7146,308.7,1.2,1.1,2001-08-26,1535,Terra,MODIS,53,6.2,296,5.1,D,0
-10.4472,-75.5778,313.1,1,1,2001-08-26,1535,Terra,MODIS,63,6.2,298,7.1,D,0
-10.4897,-75.5375,310.2,1,1,2001-08-26,1535,Terra,MODIS,41,6.2,296.6,7.6,D,0
-11.3356,-69.6142,317.1,2.3,1.5,2001-08-26,1535,Terra,MODIS,71,6.2,296.2,32.9,D,0
-11.3889,-69.4014,311.5,2.4,1.5,2001-08-26,1535,Terra,MODIS,50,6.2,296.5,15.1,D,0
-10.8648,-75.0366,308.5,1,1,2001-08-26,1535,Terra,MODIS,53,6.2,296.1,4.3,D,0
-10.942,-75.019,308.3,1,1,2001-08-26,1535,Terra,MODIS,54,6.2,296,3.8,D,0
-11.0431,-74.5568,321.4,1.1,1,2001-08-26,1535,Terra,MODIS,78,6.2,293.6,17,D,0
-10.961,-75.5242,310.6,1,1,2001-08-26,1535,Terra,MODIS,52,6.2,297.2,8.9,D,0
-10.9624,-75.5147,312.3,1,1,2001-08-26,1535,Terra,MODIS,57,6.2,297,10.2,D,0
-10.9854,-75.6101,328.6,1,1,2001-08-26,1535,Terra,MODIS,83,6.2,294.6,24.8,D,0
-11.1789,-74.5822,309.5,1.1,1,2001-08-26,1535,Terra,MODIS,57,6.2,295,5.8,D,0
-11.2123,-75.504,321,1,1,2001-08-26,1535,Terra,MODIS,76,6.2,292.8,16.4,D,0
-11.2137,-75.4943,315.6,1,1,2001-08-26,1535,Terra,MODIS,67,6.2,297.1,11.7,D,0
-12.0589,-69.1309,310.5,2.6,1.6,2001-08-26,1535,Terra,MODIS,57,6.2,296.2,18.2,D,0
-11.3638,-74.6415,306.8,1.1,1,2001-08-26,1535,Terra,MODIS,53,6.2,294.4,5.2,D,0
-11.9042,-73.9282,310.2,1.2,1.1,2001-08-26,1535,Terra,MODIS,50,6.2,298.4,7.6,D,0
-12.4697,-72.464,318.3,1.5,1.2,2001-08-26,1535,Terra,MODIS,77,6.2,290.9,23.8,D,0
-12.1621,-75.5514,324.4,1,1,2001-08-26,1535,Terra,MODIS,76,6.2,301.3,14.6,D,0
-12.5427,-73.8849,307.1,1.2,1.1,2001-08-26,1535,Terra,MODIS,23,6.2,295,5.4,D,0
-12.5442,-73.8737,312.6,1.2,1.1,2001-08-26,1535,Terra,MODIS,65,6.2,295.3,10.2,D,0
-12.5523,-73.8872,311.2,1.2,1.1,2001-08-26,1535,Terra,MODIS,55,6.2,293.6,9,D,0
-12.5539,-73.8757,325.1,1.2,1.1,2001-08-26,1535,Terra,MODIS,81,6.2,295,25.6,D,0
-12.7395,-73.6374,307.8,1.3,1.1,2001-08-26,1535,Terra,MODIS,29,6.2,294.9,5.7,D,0
-12.7483,-73.7219,321.6,1.2,1.1,2001-08-26,1535,Terra,MODIS,78,6.2,295.2,21.7,D,0
-12.9031,-73.5555,312.9,1.3,1.1,2001-08-26,1535,Terra,MODIS,68,6.2,297.1,9.9,D,0
-12.9769,-73.5405,311.3,1.3,1.1,2001-08-26,1535,Terra,MODIS,65,6.2,296.5,8.3,D,0
-13.0054,-73.5524,318.7,1.3,1.1,2001-08-26,1535,Terra,MODIS,75,6.2,295,18.4,D,0
-8.4247,-76.2954,302.2,1,1,2001-08-27,0351,Terra,MODIS,24,6.2,290.6,5.6,N,0
-8.4261,-76.3048,305.8,1,1,2001-08-27,0351,Terra,MODIS,66,6.2,291,7.3,N,0
-7.1125,-77.9259,306.1,1,1,2001-08-27,0352,Terra,MODIS,52,6.2,290.3,6.4,N,0
-6.6874,-76.6645,315.7,3.9,1.8,2001-08-27,1617,Terra,MODIS,44,6.2,289.5,58.5,D,0
-6.6762,-76.6708,315.2,3.9,1.8,2001-08-27,1617,Terra,MODIS,50,6.2,289.2,56.5,D,0
-7.036,-76.7693,312.7,3.9,1.8,2001-08-27,1617,Terra,MODIS,68,6.2,289.7,51.9,D,0
-7.0417,-76.7777,310.3,3.9,1.8,2001-08-27,1617,Terra,MODIS,59,6.2,289.6,39.5,D,0
-7.0464,-76.7397,310.1,3.9,1.8,2001-08-27,1617,Terra,MODIS,64,6.2,290.3,39.1,D,0
-8.547,-74.3753,320.9,1.1,1,2001-08-28,1522,Terra,MODIS,70,6.2,297.8,12,D,0
-9.6006,-76.0282,315.9,1.3,1.1,2001-08-28,1522,Terra,MODIS,60,6.2,298.1,13.6,D,0
-10.3312,-75.5453,311.7,1.2,1.1,2001-08-28,1522,Terra,MODIS,53,6.2,294.8,10.1,D,0
-10.3883,-75.5809,316.2,1.2,1.1,2001-08-28,1522,Terra,MODIS,57,6.2,299.9,13.7,D,0
-10.8911,-74.9013,320.4,1.1,1,2001-08-28,1523,Terra,MODIS,67,6.2,299.7,12,D,0
-10.944,-74.9285,319.8,1.1,1,2001-08-28,1523,Terra,MODIS,75,6.2,297.1,13.4,D,0
-10.9759,-74.9496,313.2,1.1,1,2001-08-28,1523,Terra,MODIS,65,6.2,297.9,6.4,D,0
-11.154,-74.5694,319.5,1,1,2001-08-28,1523,Terra,MODIS,75,6.2,297.4,12.1,D,0
-12.1113,-69.1032,314.5,1.5,1.2,2001-08-28,1523,Terra,MODIS,64,6.2,296,11.9,D,0
-11.2142,-75.5129,331.9,1.1,1.1,2001-08-28,1523,Terra,MODIS,85,6.2,294.8,33.1,D,0
-11.4694,-74.4334,313.7,1,1,2001-08-28,1523,Terra,MODIS,70,6.2,295.7,6.9,D,0
-12.2824,-69.1096,319.4,1.5,1.2,2001-08-28,1523,Terra,MODIS,52,6.2,293.1,20.4,D,0
-12.6648,-69.1553,312.3,1.5,1.2,2001-08-28,1523,Terra,MODIS,43,6.2,293.3,9.6,D,0
-12.6666,-69.1412,320.5,1.5,1.2,2001-08-28,1523,Terra,MODIS,69,6.2,294.7,23.1,D,0
-12.7,-73.0169,317.4,1,1,2001-08-28,1523,Terra,MODIS,75,6.2,293.8,12.6,D,0
-12.7014,-73.0078,309.2,1,1,2001-08-28,1523,Terra,MODIS,35,6.2,293.8,6.3,D,0
-12.8374,-72.4443,315.4,1,1,2001-08-28,1523,Terra,MODIS,38,6.2,301.5,8.8,D,0
-12.8883,-72.1509,311.6,1.1,1,2001-08-28,1523,Terra,MODIS,63,6.2,291.6,9,D,0
-12.8898,-72.1404,314,1.1,1,2001-08-28,1523,Terra,MODIS,70,6.2,296.2,11.1,D,0
-12.6852,-73.7492,314,1,1,2001-08-28,1523,Terra,MODIS,68,6.2,296.3,7.1,D,0
-12.7968,-73.9921,325.7,1,1,2001-08-28,1523,Terra,MODIS,76,6.2,288.1,20.2,D,0
-11.0033,-69.6265,315.3,1.5,1.2,2001-08-29,0338,Terra,MODIS,91,6.2,293.4,22.6,N,0
-10.9924,-69.6284,360.1,1.5,1.2,2001-08-29,0338,Terra,MODIS,100,6.2,294.7,156.6,N,0
-10.9946,-69.6422,326.9,1.5,1.2,2001-08-29,0338,Terra,MODIS,100,6.2,293.3,43.3,N,0
-10.9815,-69.6302,322.1,1.5,1.2,2001-08-29,0338,Terra,MODIS,100,6.2,293,33.5,N,0
-10.9837,-69.644,317.7,1.5,1.2,2001-08-29,0338,Terra,MODIS,96,6.2,292.6,25.4,N,0
-10.9886,-69.6207,326.3,1.5,1.2,2001-08-29,0338,Terra,MODIS,100,6.2,293.5,42.1,N,0
-10.9907,-69.6345,348,1.5,1.2,2001-08-29,0338,Terra,MODIS,100,6.2,294.5,104.2,N,0
-10.9928,-69.6483,315.1,1.5,1.2,2001-08-29,0338,Terra,MODIS,91,6.2,293,21.3,N,0
-10.9777,-69.6225,313.2,1.5,1.2,2001-08-29,0338,Terra,MODIS,87,6.2,292.9,19.7,N,0
-10.9798,-69.6362,315.5,1.5,1.2,2001-08-29,0338,Terra,MODIS,91,6.2,292.5,22.8,N,0
-11.1353,-74.856,300.5,1,1,2001-08-29,0338,Terra,MODIS,24,6.2,288,4.9,N,0
-11.1365,-74.8652,301.1,1,1,2001-08-29,0338,Terra,MODIS,29,6.2,285.5,5.3,N,0
-8.694,-74.7507,305.5,1,1,2001-08-29,0339,Terra,MODIS,65,6.2,292.9,5.4,N,0
-10.9767,-69.6188,320.2,4.3,1.9,2001-08-29,1427,Terra,MODIS,74,6.2,291.8,100.6,D,0
-10.9938,-69.6222,318.5,4.3,1.9,2001-08-29,1427,Terra,MODIS,57,6.2,292.2,87.7,D,0
-10.9788,-69.6248,327.3,4.3,1.9,2001-08-29,1427,Terra,MODIS,81,6.2,291.9,170.4,D,0
-10.9959,-69.6281,313,4.3,1.9,2001-08-29,1427,Terra,MODIS,62,6.2,292.2,59.4,D,0
-12.4461,-69.1654,311.6,3.7,1.8,2001-08-29,1428,Terra,MODIS,40,6.2,292.8,35.2,D,0
-12.4527,-69.1739,311.3,3.7,1.8,2001-08-29,1428,Terra,MODIS,50,6.2,292.8,35.1,D,0
-4.8388,-79.5285,319.9,1.3,1.1,2001-08-29,1604,Terra,MODIS,55,6.2,298,19.9,D,0
-5.7233,-76.1794,309.7,2.3,1.5,2001-08-29,1604,Terra,MODIS,63,6.2,290.2,18.1,D,0
-5.9841,-76.2752,309.2,2.3,1.5,2001-08-29,1604,Terra,MODIS,58,6.2,290.5,16.2,D,0
-6.0724,-79.2471,309.5,1.4,1.2,2001-08-29,1604,Terra,MODIS,43,6.2,287.7,13.2,D,0
-6.4939,-76.3587,313.5,2.3,1.5,2001-08-29,1604,Terra,MODIS,53,6.2,296.6,19.5,D,0
-6.6404,-76.3249,312.6,2.4,1.5,2001-08-29,1604,Terra,MODIS,31,6.2,294.8,20,D,0
-6.5368,-78.8898,315.7,1.5,1.2,2001-08-29,1604,Terra,MODIS,64,6.2,299.6,14.1,D,0
-7.14,-77.0782,310.1,2.1,1.4,2001-08-29,1604,Terra,MODIS,59,6.2,294.3,17.9,D,0
-7.1405,-77.0845,307.8,2.1,1.4,2001-08-29,1604,Terra,MODIS,48,6.2,294,13.3,D,0
-7.2144,-76.7153,314.7,2.3,1.5,2001-08-29,1604,Terra,MODIS,63,6.2,296.4,20.2,D,0
-7.4161,-76.5666,311.6,2.3,1.5,2001-08-29,1605,Terra,MODIS,46,6.2,293.7,18.3,D,0
-8.2215,-74.7537,310.3,3.3,1.7,2001-08-29,1605,Terra,MODIS,62,6.2,292.6,25.9,D,0
-8.5609,-74.9403,314.1,3.3,1.7,2001-08-29,1605,Terra,MODIS,60,6.2,294.1,34,D,0
-8.5762,-74.942,316.3,3.3,1.7,2001-08-29,1605,Terra,MODIS,71,6.2,293.6,44.5,D,0
-8.2232,-77.9397,315.9,1.9,1.3,2001-08-29,1605,Terra,MODIS,53,6.2,300.2,16.6,D,0
-8.5726,-74.9485,318.3,3.3,1.7,2001-08-29,1605,Terra,MODIS,70,6.2,293.7,51.9,D,0
-8.5761,-74.9191,315,3.3,1.7,2001-08-29,1605,Terra,MODIS,38,6.2,294.4,36.3,D,0
-8.2167,-77.9431,315.1,1.9,1.3,2001-08-29,1605,Terra,MODIS,62,6.2,301.5,16.4,D,0
-8.6734,-76.9201,334.7,2.3,1.5,2001-08-29,1605,Terra,MODIS,87,6.2,292.3,112.3,D,0
-8.6756,-76.9028,350.8,2.3,1.5,2001-08-29,1605,Terra,MODIS,96,6.2,290,209.1,D,0
-9.0479,-74.458,310.2,3.6,1.8,2001-08-29,1605,Terra,MODIS,0,6.2,293.3,34.6,D,0
-9.1366,-74.414,309,3.7,1.8,2001-08-29,1605,Terra,MODIS,0,6.2,293.6,30.7,D,0
-10.8309,-75.4247,310.9,3.2,1.7,2001-08-29,1605,Terra,MODIS,63,6.2,285.5,48.4,D,0
-8.5366,-74.8962,318.6,1.8,1.3,2001-08-30,1510,Terra,MODIS,66,6.2,296.7,19.4,D,0
-8.5432,-74.9033,322.1,1.8,1.3,2001-08-30,1510,Terra,MODIS,77,6.2,296.6,27.1,D,0
-8.7053,-75.0699,317.3,1.8,1.3,2001-08-30,1510,Terra,MODIS,70,6.2,295.8,21.6,D,0
-8.7079,-75.0535,321.5,1.8,1.3,2001-08-30,1510,Terra,MODIS,76,6.2,296.4,29.8,D,0
-8.7019,-75.0584,325,1.8,1.3,2001-08-30,1510,Terra,MODIS,79,6.2,295.9,39.6,D,0
-10.0614,-75.889,312.5,2,1.4,2001-08-30,1510,Terra,MODIS,38,6.2,295.8,19,D,0
-10.739,-75.5422,313.1,1.8,1.3,2001-08-30,1510,Terra,MODIS,19,6.2,297.2,16.4,D,0
-10.9127,-74.9167,326.3,1.6,1.3,2001-08-30,1510,Terra,MODIS,81,6.2,299,34.4,D,0
-10.9149,-74.9032,315.4,1.6,1.3,2001-08-30,1510,Terra,MODIS,41,6.2,298.1,11.5,D,0
-10.9465,-74.8492,320.4,1.6,1.3,2001-08-30,1510,Terra,MODIS,36,6.2,298.3,18,D,0
-10.9457,-74.8549,322.1,1.6,1.3,2001-08-30,1510,Terra,MODIS,75,6.2,298.5,24,D,0
-10.9481,-74.8404,314.7,1.6,1.3,2001-08-30,1510,Terra,MODIS,36,6.2,298.2,10.8,D,0
-11.8924,-69.0611,313.5,1,1,2001-08-30,1510,Terra,MODIS,61,6.2,299.3,5.5,D,0
-10.9809,-75.2128,313.4,1.7,1.3,2001-08-30,1510,Terra,MODIS,51,6.2,298.4,12.5,D,0
-12.0176,-69.3415,310.5,1,1,2001-08-30,1510,Terra,MODIS,51,6.2,298.3,4.5,D,0
-11.3751,-74.4658,318.6,1.5,1.2,2001-08-30,1510,Terra,MODIS,73,6.2,297.4,17.8,D,0
-11.3667,-74.4704,313,1.5,1.2,2001-08-30,1510,Terra,MODIS,44,6.2,297.1,9.1,D,0
-11.3692,-74.4557,317.3,1.5,1.2,2001-08-30,1510,Terra,MODIS,64,6.2,295.6,16.6,D,0
-12.2902,-69.1687,324.4,1,1,2001-08-30,1510,Terra,MODIS,79,6.2,300.4,16.3,D,0
-12.2915,-69.1592,316.7,1,1,2001-08-30,1510,Terra,MODIS,59,6.2,299.4,8,D,0
-12.4557,-69.166,314.9,1,1,2001-08-30,1510,Terra,MODIS,64,6.2,301.2,6.9,D,0
-12.5618,-69.2648,312.8,1,1,2001-08-30,1510,Terra,MODIS,38,6.2,298.8,6.1,D,0
-12.6149,-69.0873,313.5,1.1,1,2001-08-30,1510,Terra,MODIS,43,6.2,298.6,6.9,D,0
-12.6557,-69.3813,322.3,1,1,2001-08-30,1510,Terra,MODIS,73,6.2,298.1,13.3,D,0
-12.6571,-69.3718,317.8,1,1,2001-08-30,1510,Terra,MODIS,50,6.2,297.8,8.6,D,0
-12.7329,-72.3976,341.8,1.1,1,2001-08-30,1511,Terra,MODIS,92,6.2,297.6,45.7,D,0
-12.7343,-72.3884,322.9,1.1,1,2001-08-30,1511,Terra,MODIS,67,6.2,298.8,16,D,0
-12.9019,-72.4351,326.1,1.1,1,2001-08-30,1511,Terra,MODIS,67,6.2,301,20,D,0
-13.2496,-71.4888,319.7,1,1,2001-08-30,1511,Terra,MODIS,72,6.2,287.2,14.8,D,0
-10.984,-74.8607,324.9,1.4,1.2,2001-08-31,0326,Terra,MODIS,100,6.2,290.8,38.8,N,0
-10.9858,-74.8747,331.1,1.4,1.2,2001-08-31,0326,Terra,MODIS,100,6.2,291.2,52.7,N,0
-4.6705,-79.7615,321.6,1,1,2001-08-31,1552,Terra,MODIS,60,6.2,302.2,12.8,D,0
-6.6601,-79.3806,323.4,1,1,2001-08-31,1552,Terra,MODIS,75,6.2,299.2,12.1,D,0
-7.4623,-76.6957,320.4,1.3,1.1,2001-08-31,1552,Terra,MODIS,76,6.2,295.7,19.5,D,0
-7.4639,-76.6836,316.2,1.3,1.1,2001-08-31,1552,Terra,MODIS,71,6.2,296.2,13.4,D,0
-7.7476,-78.6008,321.5,1.1,1,2001-08-31,1552,Terra,MODIS,67,6.2,307.2,10.5,D,0
-7.749,-78.5911,330.5,1.1,1,2001-08-31,1552,Terra,MODIS,82,6.2,309.7,21.7,D,0
-7.7861,-78.3289,318.6,1.1,1,2001-08-31,1552,Terra,MODIS,49,6.2,301.2,9.4,D,0
-7.8672,-78.3381,321.7,1.1,1,2001-08-31,1552,Terra,MODIS,68,6.2,306.5,11.2,D,0
-7.9873,-77.9669,314.6,1.2,1.1,2001-08-31,1552,Terra,MODIS,48,6.2,300.2,6.5,D,0
-8.7739,-77.765,327.7,1.2,1.1,2001-08-31,1553,Terra,MODIS,81,6.2,301.3,29.1,D,0
-8.7754,-77.7541,329.9,1.2,1.1,2001-08-31,1553,Terra,MODIS,83,6.2,303,32.3,D,0
-13.0317,-71.8308,310.1,3.8,1.8,2001-08-31,1554,Terra,MODIS,63,6.2,280.8,62.3,D,0
-13.0216,-71.8386,307.8,3.8,1.8,2001-08-31,1554,Terra,MODIS,59,6.2,281.6,52.1,D,0
-10.9984,-69.6308,323.7,1.2,1.1,2001-09-01,1458,Terra,MODIS,26,6.2,303.1,16.9,D,0
-11.4079,-69.428,336.1,1.1,1.1,2001-09-01,1458,Terra,MODIS,88,6.2,299.2,35.1,D,0
-11.4095,-69.4176,328.4,1.1,1.1,2001-09-01,1458,Terra,MODIS,82,6.2,298.7,22.6,D,0
-11.4584,-74.4387,311.6,2.5,1.5,2001-09-01,1458,Terra,MODIS,48,6.2,293.7,20.1,D,0
-11.3613,-75.6424,316.9,3.2,1.7,2001-09-01,1458,Terra,MODIS,72,6.2,300.3,42,D,0
-12.6953,-69.4446,312.7,1.1,1.1,2001-09-01,1458,Terra,MODIS,47,6.2,298.2,5.4,D,0
-12.7912,-70.0181,310.5,1.2,1.1,2001-09-01,1458,Terra,MODIS,39,6.2,296.4,5.5,D,0
-12.9605,-71.4218,314.7,1.4,1.2,2001-09-01,1458,Terra,MODIS,69,6.2,297,12.7,D,0
-12.9648,-71.4285,311.4,1.4,1.2,2001-09-01,1458,Terra,MODIS,64,6.2,296.3,9.7,D,0
-12.5809,-72.9311,302.5,1.9,1.3,2001-09-02,0313,Terra,MODIS,49,6.2,287.9,14.6,N,0
-11.7965,-69.3858,302.7,1.1,1,2001-09-02,0313,Terra,MODIS,51,6.2,292,4.4,N,0
-10.8252,-75.4592,305.5,2.8,1.6,2001-09-02,0314,Terra,MODIS,65,6.2,280.4,43,N,0
-5.6952,-77.5455,315.2,1,1,2001-09-02,1539,Terra,MODIS,67,6.2,296.6,8.8,D,0
-6.5079,-76.3389,317.9,1,1,2001-09-02,1540,Terra,MODIS,66,6.2,297.3,7.5,D,0
-6.4729,-78.3236,324.8,1.1,1,2001-09-02,1540,Terra,MODIS,76,6.2,299.5,16,D,0
-7.083,-76.8137,321.1,1,1,2001-09-02,1540,Terra,MODIS,76,6.2,294.8,13.5,D,0
-7.334,-75.0815,315.2,1.1,1,2001-09-02,1540,Terra,MODIS,0,6.2,299.6,8.9,D,0
-7.315,-76.6116,314.8,1,1,2001-09-02,1540,Terra,MODIS,61,6.2,295.6,6.4,D,0
-7.5557,-77.98,342,1,1,2001-09-02,1540,Terra,MODIS,90,6.2,296.3,40.9,D,0
-7.5571,-77.9708,329,1,1,2001-09-02,1540,Terra,MODIS,81,6.2,296.3,21.1,D,0
-8.2811,-74.6778,316.6,1.2,1.1,2001-09-02,1540,Terra,MODIS,29,6.2,297.5,7.9,D,0
-8.2826,-74.6671,321.8,1.2,1.1,2001-09-02,1540,Terra,MODIS,75,6.2,298.5,14.2,D,0
-8.2923,-74.6685,318,1.2,1.1,2001-09-02,1540,Terra,MODIS,37,6.2,297.5,9.1,D,0
-8.1223,-76.5056,314.6,1,1,2001-09-02,1540,Terra,MODIS,68,6.2,294.5,8.6,D,0
-8.1236,-76.4964,318,1,1,2001-09-02,1540,Terra,MODIS,73,6.2,294.8,11.8,D,0
-8.0791,-77.8068,324.9,1,1,2001-09-02,1540,Terra,MODIS,76,6.2,303,13.6,D,0
-8.2872,-76.3827,316.4,1,1,2001-09-02,1540,Terra,MODIS,68,6.2,295.9,10,D,0
-8.6157,-74.7705,314.2,1.2,1.1,2001-09-02,1540,Terra,MODIS,41,6.2,296.6,7.1,D,0
-8.791,-74.6867,310.8,1.2,1.1,2001-09-02,1540,Terra,MODIS,41,6.2,296.5,6.7,D,0
-8.4336,-78.0237,320.3,1,1,2001-09-02,1540,Terra,MODIS,63,6.2,299.7,9.4,D,0
-8.4351,-78.014,320.7,1,1,2001-09-02,1540,Terra,MODIS,69,6.2,302.3,11.1,D,0
-9.0223,-74.1884,314.1,1.3,1.1,2001-09-02,1540,Terra,MODIS,49,6.2,297.2,9.3,D,0
-9.0352,-74.4637,315.5,1.2,1.1,2001-09-02,1540,Terra,MODIS,0,6.2,300.6,11.1,D,0
-9.0451,-74.4651,315.6,1.2,1.1,2001-09-02,1540,Terra,MODIS,0,6.2,300.5,10.9,D,0
-8.7271,-76.7771,317.1,1,1,2001-09-02,1540,Terra,MODIS,57,6.2,292.2,13.2,D,0
-9.3308,-74.9834,314.5,1.2,1.1,2001-09-02,1540,Terra,MODIS,0,6.2,298.2,7.8,D,0
-9.263,-76.5095,311.4,1,1,2001-09-02,1540,Terra,MODIS,37,6.2,297,6.2,D,0
-9.513,-75.4114,313.6,1.1,1.1,2001-09-02,1540,Terra,MODIS,68,6.2,295.8,9,D,0
-9.8596,-74.0302,312.9,1.4,1.2,2001-09-02,1540,Terra,MODIS,0,6.2,297.4,9.6,D,0
-9.8467,-76.0957,319.7,1.1,1,2001-09-02,1540,Terra,MODIS,58,6.2,304.4,7.1,D,0
-10.2484,-75.7896,314.1,1.1,1,2001-09-02,1541,Terra,MODIS,43,6.2,300.1,10.2,D,0
-10.7305,-75.6965,332,1.1,1.1,2001-09-02,1541,Terra,MODIS,87,6.2,295.3,31.7,D,0
-10.7321,-75.685,314.3,1.1,1.1,2001-09-02,1541,Terra,MODIS,58,6.2,294.8,9.7,D,0
-10.7525,-75.5396,313.5,1.1,1.1,2001-09-02,1541,Terra,MODIS,47,6.2,295.5,9.9,D,0
-10.754,-75.529,350.6,1.1,1.1,2001-09-02,1541,Terra,MODIS,96,6.2,299.3,72.5,D,0
-10.8237,-75.0283,308.5,1.2,1.1,2001-09-02,1541,Terra,MODIS,56,6.2,294.6,5.5,D,0
-11.0191,-75.1584,307.9,1.2,1.1,2001-09-02,1541,Terra,MODIS,42,6.2,294.8,6.1,D,0
-11.0207,-75.1646,308.8,1.2,1.1,2001-09-02,1541,Terra,MODIS,31,6.2,294.1,7.1,D,0
-11.1133,-75.3039,307.6,1.2,1.1,2001-09-02,1541,Terra,MODIS,61,6.2,294.1,6.6,D,0
-11.1147,-75.2933,309.1,1.2,1.1,2001-09-02,1541,Terra,MODIS,64,6.2,293.7,8.2,D,0
-12.7216,-69.4199,312.1,3.3,1.7,2001-09-02,1541,Terra,MODIS,65,6.2,292.4,31.7,D,0
-12.4715,-72.9761,312.6,1.7,1.3,2001-09-02,1541,Terra,MODIS,70,6.2,295.2,17.2,D,0
-12.4734,-72.9608,321.9,1.8,1.3,2001-09-02,1541,Terra,MODIS,80,6.2,295,36,D,0
-12.7326,-73.7843,314.2,1.5,1.2,2001-09-02,1541,Terra,MODIS,70,6.2,293.7,17.7,D,0
-13.2272,-73.406,318.8,1.7,1.3,2001-09-02,1541,Terra,MODIS,48,6.2,303.7,25.1,D,0
-12.5752,-73.0126,301.5,1.7,1.3,2001-09-03,0356,Terra,MODIS,42,6.2,283.4,12.9,N,0
-11.0347,-74.7639,310.5,1.4,1.2,2001-09-03,0356,Terra,MODIS,80,6.2,283.2,17.4,N,0
-11.0368,-74.7774,311.9,1.4,1.2,2001-09-03,0356,Terra,MODIS,84,6.2,282.3,19.3,N,0
-8.2762,-74.6934,304,1.6,1.2,2001-09-03,0357,Terra,MODIS,58,6.2,290,10.3,N,0
-4.5487,-79.5568,324.9,2.8,1.6,2001-09-03,1622,Terra,MODIS,67,6.2,302.5,57.9,D,0
-4.8531,-79.5434,317.5,2.9,1.6,2001-09-03,1622,Terra,MODIS,58,6.2,295.5,45.4,D,0
-4.861,-79.8407,312.5,2.7,1.6,2001-09-03,1622,Terra,MODIS,23,6.2,292.6,21.2,D,0
-16.6216,-69.8073,334.4,2,1.4,2001-09-04,1530,Terra,MODIS,73,6.2,299.9,77.4,D,0
-10.9097,-75.0783,315.8,2.6,1.5,2001-09-07,1559,Terra,MODIS,74,6.2,291.9,38,D,0
-11.6874,-69.2672,326.2,1,1,2001-09-08,1504,Terra,MODIS,80,6.2,297.2,18.9,D,0
-13.2884,-71.4603,352.1,1.2,1.1,2001-09-08,1504,Terra,MODIS,84,6.2,296.9,75.6,D,0
-6.8437,-76.7812,312.8,1.1,1,2001-09-09,1545,Terra,MODIS,55,6.2,296.9,5.8,D,0
-6.8931,-76.8141,334.9,1.1,1,2001-09-09,1545,Terra,MODIS,88,6.2,297.9,32.5,D,0
-8.4466,-74.8739,322,1.4,1.2,2001-09-09,1546,Terra,MODIS,77,6.2,296.3,17.5,D,0
-8.5293,-74.3376,316.7,1.6,1.2,2001-09-09,1546,Terra,MODIS,0,6.2,299.4,16.7,D,0
-8.1386,-77.3073,307.1,1.1,1,2001-09-09,1546,Terra,MODIS,29,6.2,286.6,6.1,D,0
-8.4873,-74.9702,318.8,1.4,1.2,2001-09-09,1546,Terra,MODIS,73,6.2,296.4,16.5,D,0
-8.4891,-74.9576,313.6,1.4,1.2,2001-09-09,1546,Terra,MODIS,55,6.2,296.1,8.4,D,0
-8.6783,-74.6768,311.2,1.5,1.2,2001-09-09,1546,Terra,MODIS,45,6.2,293.7,11.1,D,0
-8.7872,-74.7918,314.3,1.5,1.2,2001-09-09,1546,Terra,MODIS,60,6.2,295.4,11.6,D,0
-8.9161,-74.2686,314.1,1.6,1.2,2001-09-09,1546,Terra,MODIS,63,6.2,293.8,15.3,D,0
-8.918,-74.2541,313,1.6,1.2,2001-09-09,1546,Terra,MODIS,61,6.2,291.4,13.7,D,0
-9.0302,-74.1858,312.5,1.6,1.3,2001-09-09,1546,Terra,MODIS,39,6.2,295.2,12,D,0
-9.3726,-75.125,314.2,1.4,1.2,2001-09-09,1546,Terra,MODIS,70,6.2,294.7,11,D,0
-9.4972,-74.2029,313,1.6,1.3,2001-09-09,1546,Terra,MODIS,51,6.2,298.2,14,D,0
-9.7665,-75.1633,314.1,1.4,1.2,2001-09-09,1546,Terra,MODIS,68,6.2,295.3,11.7,D,0
-9.7683,-75.1504,312.8,1.4,1.2,2001-09-09,1546,Terra,MODIS,66,6.2,294.9,10.1,D,0
-9.7728,-75.1569,318.8,1.4,1.2,2001-09-09,1546,Terra,MODIS,74,6.2,295,19.4,D,0
-9.9387,-74.059,311.9,1.7,1.3,2001-09-09,1546,Terra,MODIS,0,6.2,297.5,13.2,D,0
-9.8546,-75.5474,309,1.3,1.1,2001-09-09,1546,Terra,MODIS,54,6.2,294.9,7.6,D,0
-10.8252,-74.8914,319.5,1.5,1.2,2001-09-09,1546,Terra,MODIS,76,6.2,293.6,26.1,D,0
-10.8619,-74.9514,324.9,1.5,1.2,2001-09-09,1546,Terra,MODIS,70,6.2,297.4,27.4,D,0
-10.9853,-74.6252,312.3,1.6,1.3,2001-09-09,1546,Terra,MODIS,65,6.2,296.2,12.7,D,0
-10.9871,-74.6115,319.8,1.6,1.3,2001-09-09,1546,Terra,MODIS,76,6.2,296.5,25.7,D,0
-11.0131,-74.6735,315.9,1.6,1.2,2001-09-09,1546,Terra,MODIS,71,6.2,296.6,17.8,D,0
-11.0144,-74.6655,312.7,1.6,1.2,2001-09-09,1546,Terra,MODIS,54,6.2,296.4,11.2,D,0
-12.0171,-74.0419,309.8,1.9,1.3,2001-09-09,1547,Terra,MODIS,0,6.2,295.6,13.1,D,0
-13.2261,-73.4065,312,2.2,1.4,2001-09-09,1547,Terra,MODIS,45,6.2,296,22.7,D,0
-6.1429,-79.7623,313.8,3.8,1.8,2001-09-10,1628,Terra,MODIS,53,6.2,293.4,43.6,D,0
-10.9153,-74.9187,320.2,1.1,1,2001-09-13,1522,Terra,MODIS,75,6.2,300.8,11.5,D,0
-11.2198,-74.3631,313.7,1,1,2001-09-13,1522,Terra,MODIS,66,6.2,294.6,7.2,D,0
-11.9158,-73.9638,311.9,1,1,2001-09-13,1522,Terra,MODIS,22,6.2,296.6,5.6,D,0
-12.4057,-72.5016,313.1,1,1,2001-09-13,1522,Terra,MODIS,69,6.2,294.1,8.1,D,0
-12.6386,-73.1814,313.1,1,1,2001-09-13,1522,Terra,MODIS,67,6.2,296.4,6.1,D,0
-12.7358,-73.7119,317.3,1,1,2001-09-13,1522,Terra,MODIS,74,6.2,296.9,8.8,D,0
-13.1641,-73.4274,319.8,1,1,2001-09-13,1522,Terra,MODIS,74,6.2,296.6,11.9,D,0
-6.39,-78.3443,310.9,1.6,1.2,2001-09-14,1603,Terra,MODIS,28,6.2,285.5,10,D,0
-10.9697,-74.9659,316.4,3.4,1.7,2001-09-14,1604,Terra,MODIS,74,6.2,284.9,67.2,D,0
-11.7952,-69.1798,314.7,1,1,2001-09-15,1509,Terra,MODIS,48,6.2,296.8,7.9,D,0
-11.8883,-69.0492,317.2,1,1,2001-09-15,1509,Terra,MODIS,70,6.2,298.4,9.2,D,0
-12.0647,-68.9708,319.1,1,1,2001-09-15,1509,Terra,MODIS,73,6.2,298.4,11.5,D,0
-12.0661,-68.9613,317.8,1,1,2001-09-15,1509,Terra,MODIS,71,6.2,296.6,10.5,D,0
-12.4595,-69.1648,314,1,1,2001-09-15,1510,Terra,MODIS,42,6.2,298.3,6.8,D,0
-12.6671,-69.1294,312.7,1,1,2001-09-15,1510,Terra,MODIS,45,6.2,295.6,5.3,D,0
-14.993,-70.6607,300.7,1,1,2001-09-16,0324,Terra,MODIS,32,6.2,272.4,9.3,N,0
-11.0824,-74.7022,301.4,1.4,1.2,2001-09-16,0325,Terra,MODIS,41,6.2,288.7,7.6,N,0
-7.0762,-75.0917,310.3,1.7,1.3,2001-09-16,1551,Terra,MODIS,61,6.2,294.7,10.2,D,0
-7.8255,-78.4679,326.2,1.1,1,2001-09-16,1552,Terra,MODIS,78,6.2,301.7,17.6,D,0
-7.8313,-78.4755,315.7,1.1,1,2001-09-16,1552,Terra,MODIS,57,6.2,299.3,8.1,D,0
-7.8327,-78.4658,316.4,1.1,1,2001-09-16,1552,Terra,MODIS,66,6.2,301.6,9.3,D,0
-8.6116,-74.8813,340,1.9,1.3,2001-09-16,1552,Terra,MODIS,91,6.2,295.6,90,D,0
-8.6138,-74.8646,314.1,1.9,1.3,2001-09-16,1552,Terra,MODIS,60,6.2,294.2,14.4,D,0
-8.6236,-74.8829,318.4,1.9,1.3,2001-09-16,1552,Terra,MODIS,76,6.2,293.7,23.6,D,0
-8.79,-75.101,312.2,1.8,1.3,2001-09-16,1552,Terra,MODIS,68,6.2,293.4,13.2,D,0
-9.7022,-74.9236,318.9,1.9,1.3,2001-09-16,1552,Terra,MODIS,59,6.2,291.9,31.7,D,0
-14.0431,-72.6139,301.2,1.9,1.3,2001-09-18,0312,Terra,MODIS,34,6.2,281.9,18.5,N,0
-4.6571,-79.5097,322.8,1.3,1.1,2001-09-18,1538,Terra,MODIS,51,6.2,297,18.2,D,0
-4.6672,-79.5105,322.1,1.3,1.1,2001-09-18,1538,Terra,MODIS,56,6.2,293.6,18.4,D,0
-4.6568,-79.7828,320.5,1.3,1.1,2001-09-18,1538,Terra,MODIS,69,6.2,297.5,17.8,D,0
-4.7753,-79.6071,323.8,1.3,1.1,2001-09-18,1538,Terra,MODIS,62,6.2,303.6,11.8,D,0
-6.5322,-74.9238,308.3,1.1,1,2001-09-18,1539,Terra,MODIS,57,6.2,293.3,5.1,D,0
-6.8063,-79.7001,322.6,1.2,1.1,2001-09-18,1539,Terra,MODIS,64,6.2,297.9,12.5,D,0
-6.808,-79.6891,339.7,1.2,1.1,2001-09-18,1539,Terra,MODIS,89,6.2,297.3,43.1,D,0
-7.2379,-79.4335,323.4,1.2,1.1,2001-09-18,1539,Terra,MODIS,70,6.2,301.6,13.3,D,0
-8.6057,-74.9688,320.4,1.1,1.1,2001-09-18,1539,Terra,MODIS,66,6.2,294.3,13,D,0
-8.6635,-75.0038,318.9,1.1,1.1,2001-09-18,1539,Terra,MODIS,65,6.2,295.2,11.1,D,0
-8.684,-74.9961,319.8,1.1,1.1,2001-09-18,1539,Terra,MODIS,70,6.2,297.7,10.3,D,0
-8.7282,-74.8221,315.1,1.2,1.1,2001-09-18,1539,Terra,MODIS,69,6.2,296.9,8.2,D,0
-15.4441,-72.9601,317.6,2.9,1.6,2001-09-19,1446,Terra,MODIS,43,6.2,300.7,36.8,D,0
-8.254,-74.7952,318.1,1,1,2001-09-20,1527,Terra,MODIS,69,6.2,299.1,8.9,D,0
-8.3489,-74.8996,315.4,1,1,2001-09-20,1527,Terra,MODIS,64,6.2,297.8,7,D,0
-8.3503,-74.8905,322.2,1,1,2001-09-20,1527,Terra,MODIS,75,6.2,298.2,12.9,D,0
-8.4527,-74.8835,327.7,1,1,2001-09-20,1527,Terra,MODIS,81,6.2,299.9,16.3,D,0
-8.4541,-74.8743,324.5,1,1,2001-09-20,1527,Terra,MODIS,78,6.2,299.6,12.1,D,0
-8.615,-74.7831,315.9,1,1,2001-09-20,1527,Terra,MODIS,45,6.2,297.9,4.7,D,0
-8.6186,-74.8829,322.1,1,1,2001-09-20,1527,Terra,MODIS,75,6.2,300.6,11.5,D,0
-10.0116,-75.6696,322.5,1,1,2001-09-20,1527,Terra,MODIS,76,6.2,300.2,16,D,0
-10.013,-75.6608,314.8,1,1,2001-09-20,1527,Terra,MODIS,51,6.2,298.6,8.2,D,0
-10.8743,-73.6837,316.4,1,1,2001-09-20,1528,Terra,MODIS,71,6.2,297,9.4,D,0
-10.9464,-74.8332,327.4,1,1,2001-09-20,1528,Terra,MODIS,82,6.2,298.4,17.3,D,0
-10.9477,-74.8241,326.3,1,1,2001-09-20,1528,Terra,MODIS,81,6.2,299,16.2,D,0
-11.1109,-74.7149,315.8,1,1,2001-09-20,1528,Terra,MODIS,60,6.2,297.4,6.3,D,0
-11.28,-74.5667,317,1,1,2001-09-20,1528,Terra,MODIS,63,6.2,299.9,7.9,D,0
-11.8897,-72.3529,310.1,1.2,1.1,2001-09-20,1528,Terra,MODIS,59,6.2,295.6,7.3,D,0
-12.8595,-72.4278,320.3,1.2,1.1,2001-09-20,1528,Terra,MODIS,60,6.2,299.4,16.8,D,0
-12.5813,-75.9153,339.8,1,1,2001-09-20,1528,Terra,MODIS,88,6.2,304.6,33.6,D,0
-17.4941,-71.3574,309.6,1.2,1.1,2001-09-21,0341,Terra,MODIS,78,6.2,284.6,16.2,N,0
-14.7781,-71.7249,306.5,1.2,1.1,2001-09-21,0342,Terra,MODIS,68,6.2,273.9,16.9,N,0
-9.4233,-75.0352,305.9,1,1,2001-09-21,0344,Terra,MODIS,66,6.2,293,5.8,N,0
-8.8451,-74.7905,302.5,1,1,2001-09-21,0344,Terra,MODIS,50,6.2,292.3,3.6,N,0
-8.7014,-75.0697,313.4,1,1,2001-09-21,0344,Terra,MODIS,87,6.2,292.4,11.4,N,0
-8.4141,-75.0554,301.2,1,1,2001-09-21,0344,Terra,MODIS,39,6.2,289.7,3.3,N,0
-8.4154,-75.0646,302.7,1,1,2001-09-21,0344,Terra,MODIS,51,6.2,288.9,4.2,N,0
-4.7773,-80.2495,316.4,1.4,1.2,2001-09-21,1609,Terra,MODIS,53,6.2,299.4,11.3,D,0
-5.1874,-79.787,313,1.6,1.2,2001-09-21,1609,Terra,MODIS,49,6.2,296.2,11.9,D,0
-6.4871,-76.3671,313,3,1.7,2001-09-21,1609,Terra,MODIS,30,6.2,294.9,34,D,0
-6.512,-76.7548,318.3,2.8,1.6,2001-09-21,1609,Terra,MODIS,76,6.2,293.9,52.5,D,0
-7.2658,-79.4142,323.9,1.8,1.3,2001-09-21,1610,Terra,MODIS,66,6.2,297.3,26.2,D,0
-8.4256,-75.0814,312.6,4.1,1.9,2001-09-21,1610,Terra,MODIS,38,6.2,287.5,64.3,D,0
-8.4298,-75.0873,310.4,4.1,1.9,2001-09-21,1610,Terra,MODIS,48,6.2,285.8,58.4,D,0
-8.3654,-76.4773,311.9,3.2,1.7,2001-09-21,1610,Terra,MODIS,65,6.2,292.1,33.4,D,0
-8.5347,-75.1072,314.2,4.1,1.9,2001-09-21,1610,Terra,MODIS,70,6.2,284.6,78.9,D,0
-8.5387,-75.1129,310.2,4.1,1.9,2001-09-21,1610,Terra,MODIS,48,6.2,282.1,52.1,D,0
-8.4522,-76.258,316.6,1.8,1.3,2001-09-22,1515,Terra,MODIS,65,6.2,293.6,21.1,D,0
-10.888,-74.9822,314.2,1.3,1.1,2001-09-22,1515,Terra,MODIS,64,6.2,296.7,7.8,D,0
-12.5421,-72.6931,317.4,1,1,2001-09-22,1516,Terra,MODIS,74,6.2,293.9,10.8,D,0
-12.8747,-73.5397,315,1.1,1,2001-09-22,1516,Terra,MODIS,63,6.2,295.6,9.4,D,0
-7.2127,-79.4121,320.6,1.1,1.1,2001-09-23,1557,Terra,MODIS,39,6.2,302.1,8.6,D,0
-7.7862,-78.6036,321,1.3,1.1,2001-09-23,1558,Terra,MODIS,74,6.2,300.9,15.6,D,0
-11.2428,-74.418,318.4,2.9,1.6,2001-09-23,1558,Terra,MODIS,75,6.2,282.6,73.6,D,0
-12.4227,-72.471,315.6,4.3,1.9,2001-09-23,1559,Terra,MODIS,75,6.2,290,90.9,D,0
-12.4252,-72.4747,313.5,4.3,1.9,2001-09-23,1559,Terra,MODIS,73,6.2,290,79.8,D,0
-12.4297,-72.4323,308.9,4.3,1.9,2001-09-23,1559,Terra,MODIS,55,6.2,290.3,51.5,D,0
-13.3184,-73.2314,312.7,3.9,1.8,2001-09-23,1559,Terra,MODIS,29,6.2,291.7,67.2,D,0
-12.5479,-72.6945,310.4,1.4,1.2,2001-09-25,0318,Terra,MODIS,80,6.2,287.9,17.3,N,0
-12.5426,-72.7015,313,1.4,1.2,2001-09-25,0318,Terra,MODIS,86,6.2,287.6,20.7,N,0
-11.4027,-74.5195,303.2,1.8,1.3,2001-09-25,0319,Terra,MODIS,54,6.2,287.2,13,N,0
-8.3245,-74.8255,302.2,1.7,1.3,2001-09-25,0319,Terra,MODIS,48,6.2,291.3,7.3,N,0
-8.3278,-74.8307,303.6,1.7,1.3,2001-09-25,0319,Terra,MODIS,56,6.2,291.4,9.6,N,0
-8.0577,-76.6499,303.3,2.4,1.5,2001-09-25,0320,Terra,MODIS,54,6.2,281.9,21.7,N,0
-5.0486,-73.8184,311,1.5,1.2,2001-09-25,1544,Terra,MODIS,54,6.2,293.5,8.8,D,0
-5.4413,-79.0871,323,1,1,2001-09-25,1545,Terra,MODIS,66,6.2,299.3,12.9,D,0
-5.5578,-78.8591,336.5,1,1,2001-09-25,1545,Terra,MODIS,87,6.2,305.6,24.2,D,0
-5.6603,-78.7881,323.5,1,1,2001-09-25,1545,Terra,MODIS,40,6.2,303.8,7.5,D,0
-5.6693,-78.7894,335.6,1,1,2001-09-25,1545,Terra,MODIS,86,6.2,301.8,22.2,D,0
-5.6706,-78.7806,333.6,1,1,2001-09-25,1545,Terra,MODIS,83,6.2,304,19.3,D,0
-5.7952,-78.8107,324.9,1,1,2001-09-25,1545,Terra,MODIS,74,6.2,300.9,11.7,D,0
-5.8965,-78.1845,336.9,1,1,2001-09-25,1545,Terra,MODIS,87,6.2,304.8,25.5,D,0
-5.8978,-78.1756,339.4,1,1,2001-09-25,1545,Terra,MODIS,89,6.2,306.2,29.6,D,0
-6.1222,-76.8886,314.9,1.1,1,2001-09-25,1545,Terra,MODIS,68,6.2,296.4,8.8,D,0
-6.7647,-76.5694,317.7,1.1,1,2001-09-25,1545,Terra,MODIS,73,6.2,297.2,9.5,D,0
-6.875,-76.6413,314.5,1.1,1,2001-09-25,1545,Terra,MODIS,66,6.2,297.8,5.3,D,0
-6.9041,-76.6824,314.6,1.1,1,2001-09-25,1545,Terra,MODIS,62,6.2,296.1,7.7,D,0
-6.9055,-76.6721,317.8,1.1,1,2001-09-25,1545,Terra,MODIS,72,6.2,298.5,10.4,D,0
-6.7148,-78.1934,358,1,1,2001-09-25,1545,Terra,MODIS,99,6.2,308.7,68.8,D,0
-6.7161,-78.1843,330.7,1,1,2001-09-25,1545,Terra,MODIS,83,6.2,307.6,16.7,D,0
-7.0526,-76.8176,313.8,1.1,1,2001-09-25,1545,Terra,MODIS,64,6.2,296.1,6.8,D,0
-7.0539,-76.8082,325.9,1.1,1,2001-09-25,1545,Terra,MODIS,80,6.2,296.5,19.8,D,0
-6.6825,-79.4124,319.7,1,1,2001-09-25,1545,Terra,MODIS,52,6.2,299.2,8.1,D,0
-6.7595,-79.5148,320.9,1,1,2001-09-25,1545,Terra,MODIS,34,6.2,297.4,7.3,D,0
-7.3685,-76.5398,312.9,1.1,1.1,2001-09-25,1545,Terra,MODIS,65,6.2,291.3,8.4,D,0
-7.3699,-76.5301,312.6,1.1,1.1,2001-09-25,1545,Terra,MODIS,64,6.2,290.4,8.2,D,0
-7.0005,-79.1293,318.9,1,1,2001-09-25,1545,Terra,MODIS,66,6.2,296,12.5,D,0
-7.9022,-74.7556,311.1,1.4,1.2,2001-09-25,1545,Terra,MODIS,0,6.2,295.2,8.6,D,0
-7.4653,-79.5359,323.1,1,1,2001-09-25,1545,Terra,MODIS,67,6.2,297.3,11.5,D,0
-8.2638,-74.6773,323.6,1.5,1.2,2001-09-25,1545,Terra,MODIS,40,6.2,297.6,19.9,D,0
-8.2745,-74.6788,323.7,1.5,1.2,2001-09-25,1545,Terra,MODIS,51,6.2,295.4,19.3,D,0
-8.3102,-74.7694,315.9,1.4,1.2,2001-09-25,1545,Terra,MODIS,69,6.2,293.9,12.9,D,0
-8.0587,-76.6554,316.5,1.1,1.1,2001-09-25,1545,Terra,MODIS,58,6.2,294.7,7.3,D,0
-7.8062,-78.5345,326.7,1,1,2001-09-25,1545,Terra,MODIS,76,6.2,303.5,13,D,0
-7.8273,-79.2679,327.4,1,1,2001-09-25,1545,Terra,MODIS,79,6.2,295.6,19.6,D,0
-8.4958,-74.9117,316.4,1.4,1.2,2001-09-25,1545,Terra,MODIS,61,6.2,296.2,10.2,D,0
-7.8881,-79.2304,325.9,1,1,2001-09-25,1545,Terra,MODIS,77,6.2,294.7,18.8,D,0
-8.4941,-75.0785,353.8,1.4,1.2,2001-09-25,1545,Terra,MODIS,97,6.2,296.5,101.7,D,0
-8.4959,-75.066,327.6,1.4,1.2,2001-09-25,1545,Terra,MODIS,82,6.2,294.8,29.2,D,0
-8.5287,-74.9486,315.9,1.4,1.2,2001-09-25,1545,Terra,MODIS,69,6.2,295,10.8,D,0
-8.7026,-74.8204,315.3,1.4,1.2,2001-09-25,1545,Terra,MODIS,62,6.2,289.8,11.9,D,0
-8.8143,-74.3428,313.3,1.6,1.2,2001-09-25,1545,Terra,MODIS,66,6.2,294.3,14.2,D,0
-8.847,-74.7851,323.3,1.5,1.2,2001-09-25,1545,Terra,MODIS,79,6.2,294.3,25.5,D,0
-8.8862,-75.1756,309.9,1.4,1.2,2001-09-25,1545,Terra,MODIS,37,6.2,284.7,8.7,D,0
-9.0098,-74.7455,310.3,1.5,1.2,2001-09-25,1545,Terra,MODIS,23,6.2,293.4,9.1,D,0
-9.0127,-74.752,310.7,1.5,1.2,2001-09-25,1545,Terra,MODIS,47,6.2,292.1,9.3,D,0
-8.997,-75.421,316.1,1.3,1.1,2001-09-25,1545,Terra,MODIS,71,6.2,293.9,12.1,D,0
-10.4604,-77.2885,312.7,1.1,1,2001-09-25,1546,Terra,MODIS,41,6.2,295.3,8.1,D,0
-10.4617,-77.2787,318.7,1.1,1,2001-09-25,1546,Terra,MODIS,69,6.2,293.8,14.1,D,0
-10.8866,-74.9313,317.3,1.5,1.2,2001-09-25,1546,Terra,MODIS,65,6.2,297.9,13.2,D,0
-10.8877,-75.0871,330.8,1.5,1.2,2001-09-25,1546,Terra,MODIS,86,6.2,296.1,42.3,D,0
-10.8795,-75.0917,318.7,1.5,1.2,2001-09-25,1546,Terra,MODIS,75,6.2,296.1,18.1,D,0
-10.8812,-75.0789,318.6,1.5,1.2,2001-09-25,1546,Terra,MODIS,75,6.2,296.5,17.6,D,0
-10.9404,-76.7898,332.4,1.2,1.1,2001-09-25,1546,Terra,MODIS,85,6.2,307,28.8,D,0
-11.2435,-74.657,315.6,1.6,1.3,2001-09-25,1546,Terra,MODIS,62,6.2,293.2,15.8,D,0
-11.3553,-74.5878,311.9,1.6,1.3,2001-09-25,1546,Terra,MODIS,58,6.2,294.9,11.8,D,0
-12.5204,-72.6616,310.5,2.4,1.5,2001-09-25,1546,Terra,MODIS,65,6.2,290.6,24.4,D,0
-12.5229,-72.6407,311.4,2.4,1.5,2001-09-25,1546,Terra,MODIS,66,6.2,292,28,D,0
-12.5061,-72.999,315.2,2.3,1.5,2001-09-25,1546,Terra,MODIS,72,6.2,293.7,32.6,D,0
-12.5035,-73.0039,314.5,2.3,1.5,2001-09-25,1546,Terra,MODIS,69,6.2,293.3,29,D,0
-11.2589,-74.6103,312.9,3.5,1.8,2001-09-26,1451,Terra,MODIS,40,6.2,289.9,43.1,D,0
-12.6506,-72.9342,317,2.5,1.5,2001-09-26,1451,Terra,MODIS,42,6.2,289.8,36.3,D,0
-12.6443,-72.9392,314.2,2.5,1.5,2001-09-26,1451,Terra,MODIS,53,6.2,288.9,28.9,D,0
-7.219,-79.4529,315,4.1,1.9,2001-09-26,1628,Terra,MODIS,49,6.2,292.5,36.9,D,0
-5.5002,-79.006,323.9,1.4,1.2,2001-09-27,1532,Terra,MODIS,42,6.2,303.3,17.9,D,0
-5.5041,-79.0126,327.8,1.4,1.2,2001-09-27,1532,Terra,MODIS,51,6.2,303.4,25.8,D,0
-5.7692,-77.4291,318,1.2,1.1,2001-09-27,1532,Terra,MODIS,55,6.2,299.7,10,D,0
-5.9059,-78.14,322.8,1.3,1.1,2001-09-27,1532,Terra,MODIS,55,6.2,300.5,13.1,D,0
-6.0229,-78.1797,317.9,1.3,1.1,2001-09-27,1532,Terra,MODIS,68,6.2,299.7,10.8,D,0
-6.3241,-76.7437,309.8,1.1,1,2001-09-27,1532,Terra,MODIS,57,6.2,284.9,7.3,D,0
-6.505,-76.3382,317.5,1,1,2001-09-27,1532,Terra,MODIS,53,6.2,294.2,6.6,D,0
-7.0677,-75.2706,310.7,1,1,2001-09-27,1533,Terra,MODIS,50,6.2,290.7,4.8,D,0
-7.5372,-75.0195,313.4,1,1,2001-09-27,1533,Terra,MODIS,0,6.2,294.3,7.6,D,0
-8.3112,-74.6957,309.2,1,1,2001-09-27,1533,Terra,MODIS,25,6.2,281,4.9,D,0
-8.4242,-76.2533,307,1,1,2001-09-27,1533,Terra,MODIS,19,6.2,284.7,4.5,D,0
-10.2055,-75.7206,316.7,1,1,2001-09-27,1533,Terra,MODIS,58,6.2,296.5,7.8,D,0
-11.4685,-74.4086,310.2,1.1,1,2001-09-27,1534,Terra,MODIS,36,6.2,290.7,6.1,D,0
-14.9429,-70.9725,353.4,2,1.4,2001-09-27,1535,Terra,MODIS,97,6.2,306.9,174,D,0
-14.9452,-70.9528,337.8,2.1,1.4,2001-09-27,1535,Terra,MODIS,87,6.2,302.1,90.6,D,0
-14.9553,-70.9745,348.7,2,1.4,2001-09-27,1535,Terra,MODIS,94,6.2,303.9,143.9,D,0
-14.9577,-70.9537,333.6,2.1,1.4,2001-09-27,1535,Terra,MODIS,84,6.2,300.2,71.7,D,0
-12.6096,-72.9581,309.8,1.4,1.2,2001-09-28,0349,Terra,MODIS,78,6.2,278.3,17.3,N,0
-11.3174,-74.7054,301.9,1.1,1.1,2001-09-28,0349,Terra,MODIS,45,6.2,273,8.5,N,0
-5.3782,-79.0427,301.6,1,1,2001-09-28,0351,Terra,MODIS,42,6.2,287.7,5.2,N,0
-3.7332,-73.2504,305.8,1.1,1,2001-09-29,1519,Terra,MODIS,29,6.2,276.8,5.6,D,0
-11.0727,-74.2337,313.5,1,1,2001-09-29,1521,Terra,MODIS,45,6.2,290.8,7.5,D,0
-12.3065,-69.2545,315.8,1.5,1.2,2001-09-29,1521,Terra,MODIS,67,6.2,295.9,14.3,D,0
-13.6753,-74.2595,322.5,1,1,2001-09-29,1522,Terra,MODIS,30,6.2,298.1,12.4,D,0
-14.5338,-74.3057,325.9,1,1,2001-09-29,1522,Terra,MODIS,67,6.2,311.6,7.4,D,0
-14.9835,-73.7508,322.6,1,1,2001-09-29,1522,Terra,MODIS,50,6.2,306.6,10,D,0
-6.7665,-78.066,319.8,1.7,1.3,2001-09-30,1603,Terra,MODIS,40,6.2,301.1,16.1,D,0
-7.1785,-76.6468,314.8,2.7,1.6,2001-10-01,1508,Terra,MODIS,57,6.2,298,22.5,D,0
-7.183,-76.6534,314.2,2.7,1.6,2001-10-01,1508,Terra,MODIS,54,6.2,298,20.6,D,0
-12.7893,-69.6162,321.2,1,1,2001-10-01,1509,Terra,MODIS,71,6.2,301.5,11.7,D,0
-12.7907,-69.6069,325.9,1,1,2001-10-01,1509,Terra,MODIS,80,6.2,300.3,17.1,D,0
-12.8523,-69.6917,314.9,1,1,2001-10-01,1509,Terra,MODIS,48,6.2,296.7,6.4,D,0
-13.5043,-73.6637,319.1,1.3,1.1,2001-10-01,1510,Terra,MODIS,50,6.2,299,13.5,D,0
-14.5841,-74.0226,328.8,1.3,1.1,2001-10-01,1510,Terra,MODIS,72,6.2,309.2,18.8,D,0
-14.5859,-74.011,323.6,1.3,1.1,2001-10-01,1510,Terra,MODIS,59,6.2,307.9,10.5,D,0
-15.0767,-70.845,331.1,1,1,2001-10-01,1510,Terra,MODIS,74,6.2,312.1,13.5,D,0
-15.5009,-72.1423,326.7,1,1,2001-10-01,1510,Terra,MODIS,50,6.2,308.5,14.1,D,0
-12.6916,-69.3039,302.5,1,1,2001-10-02,0324,Terra,MODIS,50,6.2,283.6,4.9,N,0
-3.3381,-71.6926,312.4,2.7,1.6,2001-10-02,1549,Terra,MODIS,66,6.2,291,33,D,0
-4.7703,-79.6197,327,1,1,2001-10-02,1550,Terra,MODIS,69,6.2,309,10.2,D,0
-5.0004,-79.1182,316.9,1,1,2001-10-02,1550,Terra,MODIS,54,6.2,301.9,7,D,0
-5.5394,-78.8295,325.2,1,1,2001-10-02,1550,Terra,MODIS,46,6.2,307.5,8.8,D,0
-5.8551,-77.9832,315,1.1,1,2001-10-02,1550,Terra,MODIS,65,6.2,297.6,9.4,D,0
-5.8944,-77.9088,311.2,1.1,1,2001-10-02,1550,Terra,MODIS,29,6.2,298.1,6.6,D,0
-6.0414,-77.1871,320,1.2,1.1,2001-10-02,1550,Terra,MODIS,74,6.2,300.8,11.7,D,0
-6.0859,-77.2429,314.3,1.2,1.1,2001-10-02,1550,Terra,MODIS,59,6.2,298.2,9.4,D,0
-6.2451,-76.2377,337.5,1.4,1.2,2001-10-02,1550,Terra,MODIS,89,6.2,299.5,52.1,D,0
-6.2985,-76.0049,317.2,1.4,1.2,2001-10-02,1550,Terra,MODIS,71,6.2,299.3,13.9,D,0
-6.0956,-77.7897,311.5,1.1,1.1,2001-10-02,1550,Terra,MODIS,29,6.2,297.5,6.3,D,0
-6.3686,-76.0844,315.3,1.4,1.2,2001-10-02,1550,Terra,MODIS,68,6.2,298,12.2,D,0
-6.6849,-76.5276,313.2,1.3,1.1,2001-10-02,1551,Terra,MODIS,33,6.2,298.3,9.1,D,0
-6.9729,-76.4359,318.2,1.3,1.2,2001-10-02,1551,Terra,MODIS,62,6.2,302.9,10.6,D,0
-6.7823,-78.0648,325.2,1.1,1,2001-10-02,1551,Terra,MODIS,64,6.2,309.1,11.6,D,0
-6.9656,-76.784,320.6,1.3,1.1,2001-10-02,1551,Terra,MODIS,74,6.2,300.3,12.8,D,0
-6.8007,-78.6964,316.5,1,1,2001-10-02,1551,Terra,MODIS,49,6.2,301.4,8.8,D,0
-7.1863,-77.0286,315.8,1.2,1.1,2001-10-02,1551,Terra,MODIS,59,6.2,297.9,10.6,D,0
-8.513,-75.1224,317.3,1.8,1.3,2001-10-02,1551,Terra,MODIS,71,6.2,297.5,19.6,D,0
-8.6143,-74.8605,318.7,1.9,1.3,2001-10-02,1551,Terra,MODIS,73,6.2,298.9,20.4,D,0
-8.8152,-75.0001,317.9,1.8,1.3,2001-10-02,1551,Terra,MODIS,67,6.2,297.6,18.6,D,0
-9.0394,-73.7821,310.9,2.3,1.5,2001-10-02,1551,Terra,MODIS,59,6.2,296.6,14.3,D,0
-8.7926,-76.1101,310.4,1.5,1.2,2001-10-02,1551,Terra,MODIS,53,6.2,295.3,8.3,D,0
-9.5208,-76.2264,309,1.5,1.2,2001-10-02,1551,Terra,MODIS,35,6.2,288,11.6,D,0
-9.628,-75.4132,309.9,1.7,1.3,2001-10-02,1551,Terra,MODIS,59,6.2,293.6,9.2,D,0
-9.9053,-73.931,318.4,2.3,1.5,2001-10-02,1551,Terra,MODIS,75,6.2,296.3,36.6,D,0
-9.9023,-73.9361,318.2,2.3,1.5,2001-10-02,1551,Terra,MODIS,75,6.2,296.3,33.1,D,0
-5.0679,-78.9864,300.9,1.4,1.2,2001-10-03,0409,Terra,MODIS,35,6.2,289.3,6.2,N,0
-15.3469,-71.4682,342.6,1.3,1.1,2001-10-03,1458,Terra,MODIS,89,6.2,313.4,48.7,D,0
-15.349,-71.4555,330.7,1.3,1.1,2001-10-03,1458,Terra,MODIS,76,6.2,313,20.6,D,0
-15.3571,-71.4703,354.6,1.3,1.1,2001-10-03,1458,Terra,MODIS,97,6.2,308.8,85.8,D,0
-15.3592,-71.4578,330.2,1.3,1.1,2001-10-03,1458,Terra,MODIS,69,6.2,308.7,18.6,D,0
-3.9237,-71.4507,308.2,1.1,1.1,2001-10-04,0314,Terra,MODIS,74,6.2,291.7,8.1,N,0
-5.3873,-79.6771,323.5,1.3,1.1,2001-10-04,1538,Terra,MODIS,65,6.2,297.4,19.7,D,0
-6.2675,-79.2748,341.5,1.2,1.1,2001-10-04,1538,Terra,MODIS,90,6.2,300.4,50.7,D,0
-7.3095,-78.3557,325.1,1.1,1,2001-10-04,1539,Terra,MODIS,53,6.2,303.6,13.1,D,0
-7.4272,-78.6234,326,1.1,1,2001-10-04,1539,Terra,MODIS,60,6.2,305.9,12.9,D,0
-7.5172,-78.2,328.3,1,1,2001-10-04,1539,Terra,MODIS,75,6.2,308.6,12,D,0
-7.8245,-78.4922,331.7,1.1,1,2001-10-04,1539,Terra,MODIS,80,6.2,311.1,16.7,D,0
-8.7601,-77.7089,347,1,1,2001-10-04,1539,Terra,MODIS,92,6.2,310.9,47.3,D,0
-8.7614,-77.7,332.4,1,1,2001-10-04,1539,Terra,MODIS,80,6.2,307.5,23.8,D,0
-9.5756,-76.4103,322.7,1,1,2001-10-04,1539,Terra,MODIS,56,6.2,295.9,16.7,D,0
-11.2501,-74.3562,311.8,1.3,1.1,2001-10-04,1539,Terra,MODIS,48,6.2,292.1,10.5,D,0
-11.5983,-74.0517,312.5,1.4,1.2,2001-10-04,1540,Terra,MODIS,0,6.2,290.5,9,D,0
-12.4367,-75.9493,319.4,1.1,1.1,2001-10-04,1540,Terra,MODIS,62,6.2,302.3,10.8,D,0
-13.5401,-72.5088,317.5,1.9,1.4,2001-10-04,1540,Terra,MODIS,49,6.2,295.5,17.9,D,0
-8.412,-74.8479,302,1,1,2001-10-07,0344,Terra,MODIS,46,6.2,289.1,3.9,N,0
-8.2647,-74.6675,334.6,1.4,1.2,2001-10-08,1514,Terra,MODIS,86,6.2,299.8,38.6,D,0
-8.2599,-74.6735,327.2,1.4,1.2,2001-10-08,1514,Terra,MODIS,80,6.2,301.1,22.4,D,0
-8.2619,-74.6612,326.8,1.4,1.2,2001-10-08,1514,Terra,MODIS,80,6.2,299.7,21.1,D,0
-8.8646,-74.4122,326.3,1.3,1.1,2001-10-08,1514,Terra,MODIS,75,6.2,300.6,20.2,D,0
-8.8747,-74.4138,320.9,1.3,1.1,2001-10-08,1514,Terra,MODIS,53,6.2,300.8,13,D,0
-11.4338,-76.6191,323.9,1.7,1.3,2001-10-08,1515,Terra,MODIS,76,6.2,304,23.9,D,0
-12.4083,-74.2748,322.7,1.1,1.1,2001-10-08,1515,Terra,MODIS,57,6.2,293.8,19.8,D,0
-14.4713,-70.6635,321.5,1.1,1,2001-10-08,1516,Terra,MODIS,73,6.2,305.3,9,D,0
-16.5357,-69.7471,318.7,1.3,1.1,2001-10-08,1516,Terra,MODIS,66,6.2,302.2,10.6,D,0
-16.5371,-69.7358,323,1.3,1.1,2001-10-08,1516,Terra,MODIS,74,6.2,302.8,16.6,D,0
-8.8673,-74.4269,317.3,1.1,1,2001-10-09,0331,Terra,MODIS,95,6.2,293.5,14.6,N,0
-8.858,-74.4282,318.8,1.1,1,2001-10-09,0331,Terra,MODIS,97,6.2,293.8,16.5,N,0
-8.3805,-74.8923,303.9,1.1,1,2001-10-09,0331,Terra,MODIS,57,6.2,292,5.4,N,0
-3.7003,-73.2818,310.7,2.8,1.6,2001-10-09,1556,Terra,MODIS,0,6.2,293.2,22.2,D,0
-4.8831,-80.9404,332,1,1,2001-10-09,1556,Terra,MODIS,66,6.2,304.4,14.1,D,0
-6.4214,-76.5305,313.8,1.7,1.3,2001-10-09,1557,Terra,MODIS,64,6.2,295.2,12.6,D,0
-6.2798,-79.4291,321.9,1.1,1.1,2001-10-09,1557,Terra,MODIS,69,6.2,301.7,11.8,D,0
-7.0141,-76.1245,314.7,1.9,1.3,2001-10-09,1557,Terra,MODIS,58,6.2,294.5,15.6,D,0
-8.4458,-75.1431,307.2,2.3,1.5,2001-10-09,1557,Terra,MODIS,0,6.2,288.4,16.6,D,0
-3.7583,-73.2511,317.9,2.2,1.4,2001-10-10,1501,Terra,MODIS,0,6.2,296.7,24.2,D,0
-8.8634,-74.4401,310.2,1.6,1.3,2001-10-11,0319,Terra,MODIS,79,6.2,288.4,17.4,N,0
-8.839,-74.4284,305.1,1.6,1.3,2001-10-11,0319,Terra,MODIS,63,6.2,288.2,10.6,N,0
-5.0425,-78.9817,321.3,1,1,2001-10-11,1544,Terra,MODIS,64,6.2,301.1,8.9,D,0
-5.4415,-78.6482,335.7,1,1,2001-10-11,1544,Terra,MODIS,87,6.2,301.2,26.6,D,0
-5.4429,-78.6392,327.8,1,1,2001-10-11,1544,Terra,MODIS,70,6.2,299.8,16.7,D,0
-5.3865,-79.5806,323.6,1.1,1,2001-10-11,1544,Terra,MODIS,64,6.2,301.5,14.2,D,0
-5.8865,-78.1885,321.9,1,1,2001-10-11,1544,Terra,MODIS,55,6.2,300.2,6.3,D,0
-5.7714,-79.034,319.4,1,1,2001-10-11,1544,Terra,MODIS,36,6.2,301.9,5.7,D,0
-6.0652,-77.2135,312,1,1,2001-10-11,1544,Terra,MODIS,35,6.2,294.3,5.8,D,0
-6.7647,-79.6019,324.5,1,1,2001-10-11,1545,Terra,MODIS,54,6.2,303.1,9.8,D,0
-7.1365,-77.0591,315.5,1.1,1,2001-10-11,1545,Terra,MODIS,69,6.2,291.3,9.4,D,0
-8.739,-74.5456,309.9,1.5,1.2,2001-10-11,1545,Terra,MODIS,0,6.2,289.7,9.2,D,0
-8.8691,-74.4376,300.2,2.1,1.4,2001-10-12,0402,Terra,MODIS,11,6.2,289.3,9.4,N,0
-8.5307,-76.3574,304.8,1.5,1.2,2001-10-12,0402,Terra,MODIS,62,6.2,289.4,11.5,N,0
-5.506,-78.8023,304.1,1.2,1.1,2001-10-12,0403,Terra,MODIS,58,6.2,291.7,6.3,N,0
-15.6193,-72.4985,325.2,2,1.4,2001-10-12,1452,Terra,MODIS,40,6.2,304.9,40.9,D,0
-16.4948,-71.3542,324.2,2,1.4,2001-10-13,1535,Terra,MODIS,63,6.2,307.4,27.2,D,0
-16.4968,-71.3597,325.5,2,1.4,2001-10-13,1535,Terra,MODIS,64,6.2,307.7,30,D,0
-4.9408,-79.7681,300.8,1.1,1,2001-10-14,0351,Terra,MODIS,34,6.2,285.1,7.1,N,0
-6.337,-78.2133,318.2,2.1,1.4,2001-10-15,1520,Terra,MODIS,0,6.2,290.4,31.5,D,0
-10.4456,-77.2091,326.9,1.5,1.2,2001-10-15,1521,Terra,MODIS,47,6.2,308.8,17.3,D,0
-10.4489,-77.2149,337.8,1.5,1.2,2001-10-15,1521,Terra,MODIS,79,6.2,307.6,43.1,D,0
-15.4828,-72.2488,322.5,1.1,1,2001-10-15,1522,Terra,MODIS,55,6.2,306.7,10.6,D,0
-15.6294,-72.31,323.7,1.1,1,2001-10-15,1522,Terra,MODIS,50,6.2,310.3,12.4,D,0
-16.4564,-71.3763,328.3,1.2,1.1,2001-10-15,1522,Terra,MODIS,71,6.2,312.1,15.7,D,0
-5.008,-79.0137,316.2,1.4,1.2,2001-10-16,1602,Terra,MODIS,61,6.2,297.7,12.2,D,0
-5.0257,-79.0097,322.4,1.4,1.2,2001-10-16,1602,Terra,MODIS,75,6.2,300.1,18.9,D,0
-5.0273,-78.9985,329.5,1.4,1.2,2001-10-16,1602,Terra,MODIS,84,6.2,299.3,31.9,D,0
-5.2902,-79.6055,314,1.3,1.1,2001-10-16,1603,Terra,MODIS,56,6.2,295.6,12.3,D,0
-16.0147,-71.7317,327.6,1,1,2001-10-17,1510,Terra,MODIS,43,6.2,311.6,10.1,D,0
-16.0247,-71.7297,329.1,1,1,2001-10-17,1510,Terra,MODIS,65,6.2,310.7,11.7,D,0
-5.9027,-76.1082,312.1,1.4,1.2,2001-10-18,1550,Terra,MODIS,0,6.2,294,10.8,D,0
-5.4305,-79.681,321.8,1,1,2001-10-18,1550,Terra,MODIS,60,6.2,298.4,9.9,D,0
-8.6654,-74.933,325.1,1.2,1.1,2001-10-20,1539,Terra,MODIS,80,6.2,292.8,19.5,D,0
-9.6605,-76.5878,323,1,1,2001-10-20,1539,Terra,MODIS,36,6.2,298.6,14.5,D,0
-9.9131,-76.3673,321.1,1,1,2001-10-20,1539,Terra,MODIS,38,6.2,307,7.3,D,0
-12.6313,-72.6338,311.5,1.9,1.3,2001-10-20,1540,Terra,MODIS,37,6.2,293.8,14.3,D,0
-13.7794,-73.6557,321.5,1.6,1.3,2001-10-20,1540,Terra,MODIS,60,6.2,303.8,18.5,D,0
-14.64,-74.0726,324.5,1.6,1.2,2001-10-20,1540,Terra,MODIS,48,6.2,310.5,14.4,D,0
-14.6417,-74.0598,325.3,1.6,1.2,2001-10-20,1540,Terra,MODIS,55,6.2,312.8,15.7,D,0
-15.4723,-71.5088,322.2,2.5,1.5,2001-10-20,1540,Terra,MODIS,31,6.2,310.1,23.2,D,0
-15.4859,-72.4026,325.5,2.1,1.4,2001-10-20,1540,Terra,MODIS,65,6.2,312.7,32.2,D,0
-4.5117,-79.9137,328.6,2.6,1.6,2001-10-21,1621,Terra,MODIS,81,6.2,293.1,83.7,D,0
-4.5149,-79.8894,314.6,2.7,1.6,2001-10-21,1621,Terra,MODIS,59,6.2,292.5,28.3,D,0
-8.9044,-74.4019,323.3,1,1,2001-10-22,1526,Terra,MODIS,75,6.2,293.3,12.4,D,0
-8.9057,-74.3929,322.8,1,1,2001-10-22,1526,Terra,MODIS,67,6.2,292.2,11.6,D,0
-9.1128,-77.7836,331.6,1.3,1.1,2001-10-22,1527,Terra,MODIS,78,6.2,310.9,18.4,D,0
-9.6936,-74.9215,321.7,1,1,2001-10-22,1527,Terra,MODIS,72,6.2,297.3,10.6,D,0
-10.8245,-76.9442,314.5,3.2,1.7,2001-10-23,1610,Terra,MODIS,50,6.2,299.1,30.8,D,0
-14.5942,-70.7962,325.2,1.1,1,2001-10-24,1515,Terra,MODIS,64,6.2,310.6,10.5,D,0
-15.4416,-72.333,351.3,1,1,2001-10-24,1516,Terra,MODIS,95,6.2,317.5,48.2,D,0
-14.5103,-70.5232,329.1,1,1,2001-10-26,1503,Terra,MODIS,43,6.2,314.6,11.1,D,0
-4.9419,-80.0346,338.6,1.1,1.1,2001-10-27,1543,Terra,MODIS,65,6.2,300.9,35.8,D,0
-4.9434,-80.0251,323.2,1.1,1.1,2001-10-27,1543,Terra,MODIS,50,6.2,299.8,12,D,0
-5.1288,-79.7859,324.9,1.1,1,2001-10-27,1543,Terra,MODIS,71,6.2,300.4,14,D,0
-5.1302,-79.7763,322.4,1.1,1,2001-10-27,1543,Terra,MODIS,65,6.2,297.6,10.4,D,0
-5.4531,-79.5886,327.7,1.1,1,2001-10-27,1544,Terra,MODIS,71,6.2,300.2,16.8,D,0
-6.6919,-79.9292,319.5,1.1,1,2001-10-27,1544,Terra,MODIS,47,6.2,295.6,8,D,0
-8.4383,-75.0424,310,1.4,1.2,2001-10-27,1544,Terra,MODIS,55,6.2,293.4,6.3,D,0
-8.44,-75.0299,330.2,1.4,1.2,2001-10-27,1544,Terra,MODIS,84,6.2,293.2,38.6,D,0
-8.7938,-74.4383,315.4,1.5,1.2,2001-10-27,1544,Terra,MODIS,69,6.2,294.6,15.1,D,0
-8.7956,-74.4244,319.1,1.5,1.2,2001-10-27,1544,Terra,MODIS,74,6.2,294.2,21.4,D,0
-8.3033,-78.179,328.5,1,1,2001-10-27,1544,Terra,MODIS,76,6.2,309.1,9.3,D,0
-11.9102,-73.9404,313.3,1.9,1.3,2001-10-27,1545,Terra,MODIS,52,6.2,297.5,15.5,D,0
-12.7362,-72.0028,310.3,2.7,1.6,2001-10-27,1545,Terra,MODIS,47,6.2,292.7,34,D,0
-12.7387,-71.9826,320.3,2.7,1.6,2001-10-27,1545,Terra,MODIS,77,6.2,291,71.8,D,0
-12.7428,-71.9858,322.3,2.7,1.6,2001-10-27,1545,Terra,MODIS,80,6.2,292.2,80.3,D,0
-13.1722,-75.5894,321,1.5,1.2,2001-10-27,1545,Terra,MODIS,38,6.2,300.2,13.9,D,0
-16.6071,-71.1863,322.3,1.6,1.2,2001-10-28,1451,Terra,MODIS,29,6.2,298,20,D,0
-11.9703,-76.3512,323,1,1,2001-10-29,1533,Terra,MODIS,58,6.2,300.1,11.9,D,0
-15.9003,-70.6103,337.2,1.3,1.1,2001-10-31,1521,Terra,MODIS,60,6.2,288.1,52.1,D,0
-15.8988,-70.6043,337,1.3,1.1,2001-10-31,1521,Terra,MODIS,83,6.2,291.6,50,D,0
-6.4124,-79.7936,316,1.3,1.1,2001-11-01,1602,Terra,MODIS,53,6.2,289.4,8.6,D,0
-6.5191,-79.907,319.4,1.3,1.1,2001-11-01,1602,Terra,MODIS,69,6.2,296.7,8.2,D,0
-6.6179,-79.8572,316.4,1.3,1.1,2001-11-01,1602,Terra,MODIS,66,6.2,293.4,6.6,D,0
-6.6748,-79.4483,312.2,1.3,1.2,2001-11-01,1602,Terra,MODIS,51,6.2,282.9,11.8,D,0
-6.6765,-79.4359,314.4,1.4,1.2,2001-11-01,1602,Terra,MODIS,61,6.2,281.3,15.3,D,0
-6.723,-79.7613,333.1,1.3,1.1,2001-11-01,1602,Terra,MODIS,86,6.2,289.9,36.1,D,0
-12.6844,-76.042,327.3,1.9,1.3,2001-11-02,1508,Terra,MODIS,60,6.2,303.7,29,D,0
-12.6889,-76.0485,326.2,1.9,1.3,2001-11-02,1508,Terra,MODIS,51,6.2,305.4,26.7,D,0
-3.7568,-73.2494,313.3,2.1,1.4,2001-11-03,1549,Terra,MODIS,33,6.2,294.5,18.7,D,0
-4.1252,-72.9487,318.5,2.2,1.4,2001-11-03,1549,Terra,MODIS,75,6.2,292.1,39.7,D,0
-4.1236,-72.9541,312.6,2.2,1.4,2001-11-03,1549,Terra,MODIS,67,6.2,291.8,24,D,0
-4.7235,-79.9387,322.3,1,1,2001-11-03,1549,Terra,MODIS,64,6.2,307.2,8.8,D,0
-4.8232,-79.9496,337.7,1,1,2001-11-03,1549,Terra,MODIS,87,6.2,301.5,32.2,D,0
-4.8726,-79.9908,336.1,1,1,2001-11-03,1549,Terra,MODIS,86,6.2,302.9,28,D,0
-4.8739,-79.9817,335.1,1,1,2001-11-03,1549,Terra,MODIS,85,6.2,301.2,26.2,D,0
-5.0251,-79.138,341.2,1,1,2001-11-03,1549,Terra,MODIS,90,6.2,301,39.6,D,0
-5.0264,-79.129,345.2,1,1,2001-11-03,1549,Terra,MODIS,93,6.2,302.4,46.6,D,0
-5.0006,-79.6172,350.7,1,1,2001-11-03,1549,Terra,MODIS,95,6.2,310.3,53.7,D,0
-5.0829,-79.0549,315.7,1,1,2001-11-03,1549,Terra,MODIS,63,6.2,301,5.9,D,0
-5.0095,-79.6185,331.2,1,1,2001-11-03,1549,Terra,MODIS,83,6.2,304.1,21,D,0
-5.1485,-78.8595,320.6,1,1,2001-11-03,1549,Terra,MODIS,63,6.2,304.7,10.6,D,0
-5.1324,-79.1594,317.2,1,1,2001-11-03,1549,Terra,MODIS,66,6.2,299.4,10.7,D,0
-5.1858,-78.919,317.6,1,1,2001-11-03,1549,Terra,MODIS,61,6.2,304.8,5.6,D,0
-5.1872,-78.9097,320.5,1,1,2001-11-03,1549,Terra,MODIS,73,6.2,305.4,8.2,D,0
-5.1254,-79.711,316.9,1,1,2001-11-03,1549,Terra,MODIS,32,6.2,300.5,7.1,D,0
-5.1225,-79.7926,325.8,1,1,2001-11-03,1549,Terra,MODIS,76,6.2,301.1,17,D,0
-5.1239,-79.7837,344.8,1,1,2001-11-03,1549,Terra,MODIS,92,6.2,303.7,44.8,D,0
-5.1317,-79.7302,318,1,1,2001-11-03,1549,Terra,MODIS,42,6.2,302.1,7.8,D,0
-5.493,-78.9602,318.7,1,1,2001-11-03,1549,Terra,MODIS,43,6.2,304.9,7.6,D,0
-5.4969,-78.933,315.7,1,1,2001-11-03,1549,Terra,MODIS,48,6.2,302.6,5.5,D,0
-5.4968,-78.9971,318.2,1,1,2001-11-03,1549,Terra,MODIS,66,6.2,305.9,6.2,D,0
-5.7982,-79.0129,326.6,1,1,2001-11-03,1549,Terra,MODIS,78,6.2,305.6,15.3,D,0
-5.7995,-79.004,341.9,1,1,2001-11-03,1549,Terra,MODIS,90,6.2,304.8,38.9,D,0
-5.8473,-78.9278,317.6,1,1,2001-11-03,1549,Terra,MODIS,58,6.2,304.1,7.9,D,0
-5.9458,-79.0752,322.4,1,1,2001-11-03,1549,Terra,MODIS,70,6.2,295.9,17.1,D,0
-6.0632,-78.7719,315.5,1,1,2001-11-03,1549,Terra,MODIS,47,6.2,303.1,4.9,D,0
-6.1621,-78.9792,320.6,1,1,2001-11-03,1550,Terra,MODIS,71,6.2,301.7,12.1,D,0
-6.3469,-78.2044,310.5,1.1,1,2001-11-03,1550,Terra,MODIS,32,6.2,298.6,4.6,D,0
-8.2307,-76.6194,309.7,1.4,1.2,2001-11-03,1550,Terra,MODIS,40,6.2,292.7,9.1,D,0
-11.9853,-74.5397,320.7,2.2,1.4,2001-11-03,1551,Terra,MODIS,69,6.2,294.8,45,D,0
-11.987,-74.5254,320.7,2.2,1.4,2001-11-03,1551,Terra,MODIS,69,6.2,292.8,45.8,D,0
-15.5483,-71.4433,323.1,4.3,1.9,2001-11-03,1552,Terra,MODIS,65,6.2,304.9,87.1,D,0
-15.5529,-71.3988,320.1,4.4,1.9,2001-11-03,1552,Terra,MODIS,48,6.2,306.2,61.4,D,0
-15.5508,-71.4494,320.7,4.3,1.9,2001-11-03,1552,Terra,MODIS,55,6.2,305.1,68.5,D,0
-15.5551,-71.4044,322.2,4.4,1.9,2001-11-03,1552,Terra,MODIS,64,6.2,306.4,80.7,D,0
-15.5276,-72.0076,336.2,1.4,1.2,2001-11-04,1457,Terra,MODIS,83,6.2,306.7,46.6,D,0
-2.984,-75.7905,308.5,1,1,2001-11-05,1536,Terra,MODIS,28,6.2,287.7,3.9,D,0
-5.0673,-74.5624,311.1,1.1,1,2001-11-05,1537,Terra,MODIS,58,6.2,295,5.5,D,0
-5.0011,-79.9852,318.2,1.4,1.2,2001-11-05,1537,Terra,MODIS,30,6.2,295.1,11.4,D,0
-5.0028,-79.974,324.5,1.4,1.2,2001-11-05,1537,Terra,MODIS,70,6.2,295.4,20.6,D,0
-5.0113,-79.987,332,1.4,1.2,2001-11-05,1537,Terra,MODIS,74,6.2,299.4,34.7,D,0
-6.4355,-79.3603,332.5,1.2,1.1,2001-11-05,1537,Terra,MODIS,83,6.2,302.6,27.6,D,0
-6.6877,-79.455,330,1.2,1.1,2001-11-05,1537,Terra,MODIS,78,6.2,300.2,19.5,D,0
-7.2289,-76.4848,317.3,1,1,2001-11-05,1537,Terra,MODIS,71,6.2,297.4,8.5,D,0
-7.6762,-78.5119,323.2,1.1,1,2001-11-05,1538,Terra,MODIS,69,6.2,304.9,10.9,D,0
-9.6741,-77.7708,319.6,1,1,2001-11-05,1538,Terra,MODIS,41,6.2,305.2,6.1,D,0
-10.0585,-77.4755,320.2,1,1,2001-11-05,1538,Terra,MODIS,46,6.2,305.1,7.8,D,0
-15.506,-72.1464,327.3,2.5,1.5,2001-11-06,1444,Terra,MODIS,55,6.2,309.4,54,D,0
-4.9169,-80.017,316,2.6,1.5,2001-11-06,1620,Terra,MODIS,50,6.2,290.6,39.3,D,0
-6.6558,-79.8435,317.3,2.8,1.6,2001-11-06,1620,Terra,MODIS,68,6.2,292,22.5,D,0
-13.674,-74.9499,329.2,1,1,2001-11-07,1527,Terra,MODIS,72,6.2,314.5,8.8,D,0
-5.1933,-79.6894,330,1.6,1.2,2001-11-08,1608,Terra,MODIS,83,6.2,282.7,49.1,D,0
-6.7266,-79.7868,326,1.6,1.3,2001-11-08,1608,Terra,MODIS,81,6.2,292.4,30.1,D,0
-6.7286,-79.772,345.4,1.7,1.3,2001-11-08,1608,Terra,MODIS,93,6.2,293.9,91.2,D,0
-5.1229,-79.7734,322.6,3.9,1.8,2001-11-09,1512,Terra,MODIS,41,6.2,284.5,102.7,D,0
-5.1285,-79.7829,314.5,3.9,1.8,2001-11-09,1512,Terra,MODIS,51,6.2,283.5,60.8,D,0
-6.4902,-76.3635,315,2,1.4,2001-11-09,1513,Terra,MODIS,38,6.2,291.7,17.8,D,0
-7.7929,-78.6021,309.1,2.8,1.6,2001-11-09,1513,Terra,MODIS,0,6.2,271.3,33.7,D,0
-3.7642,-80.406,327.5,1,1,2001-11-10,1555,Terra,MODIS,78,6.2,298.3,16.5,D,0
-4.5929,-79.8999,317.8,1,1,2001-11-10,1555,Terra,MODIS,51,6.2,281.8,14.8,D,0
-5.1336,-79.7862,313.1,1,1,2001-11-10,1555,Terra,MODIS,52,6.2,278.1,9.3,D,0
-5.3318,-78.741,314.9,1.2,1.1,2001-11-10,1555,Terra,MODIS,22,6.2,294.6,8,D,0
-5.9945,-77.0851,320.1,1.5,1.2,2001-11-10,1555,Terra,MODIS,76,6.2,294.8,22.2,D,0
-5.9964,-77.0716,315.4,1.5,1.2,2001-11-10,1555,Terra,MODIS,70,6.2,294.1,14.6,D,0
-5.8834,-78.9055,323.6,1.2,1.1,2001-11-10,1555,Terra,MODIS,64,6.2,298.4,19.8,D,0
-14.9793,-71.4118,333.6,1.1,1.1,2001-11-11,1502,Terra,MODIS,75,6.2,315.3,12.9,D,0
-14.9808,-71.4017,335.9,1.1,1.1,2001-11-11,1502,Terra,MODIS,81,6.2,316,16.9,D,0
-15.5676,-73.2913,327.5,1.4,1.2,2001-11-11,1503,Terra,MODIS,41,6.2,311.1,11.9,D,0
-6.8198,-79.6571,326,1,1,2001-11-12,1543,Terra,MODIS,71,6.2,290.3,15,D,0
-14.6075,-74.0879,318.8,2,1.4,2001-11-12,1545,Terra,MODIS,51,6.2,298.5,16.3,D,0
-3.9733,-80.3177,325.8,1.1,1.1,2001-11-17,1601,Terra,MODIS,65,6.2,298.8,15.4,D,0
-4.9102,-80.0618,321.1,1.2,1.1,2001-11-17,1601,Terra,MODIS,69,6.2,294.2,15.6,D,0
-4.9986,-80.0166,316.6,1.2,1.1,2001-11-17,1601,Terra,MODIS,51,6.2,293.7,9.7,D,0
-14.2877,-73.9321,331.9,1.3,1.1,2001-11-18,1508,Terra,MODIS,77,6.2,309.5,20.8,D,0
-14.2897,-73.9195,328.6,1.3,1.1,2001-11-18,1508,Terra,MODIS,68,6.2,308.7,14.7,D,0
-16.5024,-71.9441,321.4,1,1,2001-11-18,1509,Terra,MODIS,58,6.2,285.7,9.9,D,0
-14.9843,-71.3348,305.4,1.1,1,2001-11-19,0322,Terra,MODIS,64,6.2,272.2,12.2,N,0
-7.3344,-79.4163,318.9,1,1,2001-11-19,1549,Terra,MODIS,37,6.2,292.6,5.2,D,0
-7.343,-79.5469,322.2,1,1,2001-11-19,1549,Terra,MODIS,51,6.2,297.3,8.5,D,0
-16.4555,-71.3591,329.2,1.3,1.1,2001-11-20,1456,Terra,MODIS,47,6.2,312.7,10.4,D,0
-17.4919,-71.3481,332.4,1.2,1.1,2001-11-20,1457,Terra,MODIS,49,6.2,311.5,19.6,D,0
-6.7383,-79.7713,329.9,1.2,1.1,2001-11-21,1537,Terra,MODIS,78,6.2,282.5,31.9,D,0
-6.7381,-79.7778,328.5,1.2,1.1,2001-11-21,1537,Terra,MODIS,76,6.2,280.8,29.3,D,0
-6.7398,-79.7667,319.7,1.2,1.1,2001-11-21,1537,Terra,MODIS,63,6.2,283.5,14.9,D,0
-7.3148,-79.4109,317,1.2,1.1,2001-11-21,1537,Terra,MODIS,49,6.2,291.1,7,D,0
-11.1918,-74.3703,312.9,1.3,1.1,2001-11-21,1538,Terra,MODIS,29,6.2,292.4,9.8,D,0
-13.9849,-75.0286,324.9,1.3,1.1,2001-11-21,1539,Terra,MODIS,69,6.2,301.4,17.4,D,0
-12.8295,-71.9465,311.6,1.3,1.1,2001-11-23,1526,Terra,MODIS,54,6.2,295.3,8.7,D,0
-12.8859,-71.9073,318.8,1.3,1.1,2001-11-23,1526,Terra,MODIS,76,6.2,295.1,18.4,D,0
-12.8874,-71.8966,319.8,1.3,1.1,2001-11-23,1526,Terra,MODIS,77,6.2,293.1,20.3,D,0
-12.8861,-71.9022,327.5,1.3,1.1,2001-11-23,1526,Terra,MODIS,84,6.2,295,30.1,D,0
-15.6723,-71.6265,328,1.4,1.2,2001-11-23,1527,Terra,MODIS,45,6.2,308.4,20.4,D,0
-15.6657,-71.6308,327.9,1.4,1.2,2001-11-23,1527,Terra,MODIS,49,6.2,309.8,20.5,D,0
-10.9801,-74.8126,309.8,1,1,2001-11-24,0341,Terra,MODIS,78,6.2,289.1,9.1,N,0
-4.5217,-79.8339,317.7,1.5,1.2,2001-11-24,1607,Terra,MODIS,67,6.2,296.7,15.7,D,0
-4.5085,-80.0034,318.8,1.5,1.2,2001-11-24,1607,Terra,MODIS,26,6.2,298.4,12.7,D,0
-4.5257,-79.8251,316,1.5,1.2,2001-11-24,1607,Terra,MODIS,38,6.2,296.1,12,D,0
-5.0096,-79.9621,313.2,1.5,1.2,2001-11-24,1607,Terra,MODIS,36,6.2,291.6,10.2,D,0
-5.1083,-79.9119,318.6,1.5,1.2,2001-11-24,1607,Terra,MODIS,67,6.2,295.4,20,D,0
-5.2272,-79.956,321.5,1.5,1.2,2001-11-24,1607,Terra,MODIS,44,6.2,298.2,14.9,D,0
-5.3687,-79.6848,332,1.6,1.3,2001-11-24,1607,Terra,MODIS,83,6.2,292.5,51.4,D,0
-5.3681,-79.6901,324.3,1.6,1.3,2001-11-24,1607,Terra,MODIS,74,6.2,292.7,33,D,0
-5.3698,-79.6781,317.1,1.6,1.3,2001-11-24,1607,Terra,MODIS,59,6.2,292.8,19.2,D,0
-6.653,-79.7581,317.6,3.6,1.8,2001-11-25,1513,Terra,MODIS,52,6.2,290.1,35.3,D,0
-4.5413,-79.8996,312.2,3.5,1.8,2001-11-29,1625,Terra,MODIS,25,6.2,292.3,36.8,D,0
-4.8731,-80.0381,323.8,1.7,1.3,2001-11-30,1530,Terra,MODIS,74,6.2,299.4,27.6,D,0
-5.0631,-79.0209,318,1.5,1.2,2001-11-30,1530,Terra,MODIS,56,6.2,300.8,12,D,0
-5.1113,-79.838,316,1.7,1.3,2001-11-30,1530,Terra,MODIS,48,6.2,299.2,12.2,D,0
-6.0342,-78.7525,310.9,1.4,1.2,2001-11-30,1531,Terra,MODIS,53,6.2,292,7.8,D,0
-6.1567,-79.5434,317.7,1.5,1.2,2001-11-30,1531,Terra,MODIS,60,6.2,298,12.5,D,0
-5.4662,-78.9538,301.8,1,1,2001-12-01,0349,Terra,MODIS,44,6.2,291.2,4.8,N,0
-15.6538,-72.4107,320.3,1.1,1,2001-12-02,1521,Terra,MODIS,33,6.2,303.5,11.1,D,0
-4.5442,-79.7983,318.7,1.2,1.1,2001-12-03,1601,Terra,MODIS,51,6.2,301.1,11,D,0
-4.8586,-80.0173,319.2,1.2,1.1,2001-12-03,1601,Terra,MODIS,41,6.2,298.6,12.8,D,0
-6.4654,-79.6376,326.8,1.3,1.1,2001-12-03,1601,Terra,MODIS,63,6.2,303.2,18.1,D,0
-6.5516,-79.2226,318.9,1.4,1.2,2001-12-03,1601,Terra,MODIS,50,6.2,296.5,14.9,D,0
-7.7221,-78.6152,319.6,3.7,1.8,2001-12-04,1506,Terra,MODIS,61,6.2,296.1,62,D,0
-4.7421,-79.8848,322.5,1,1,2001-12-05,1548,Terra,MODIS,43,6.2,302.9,9.5,D,0
-3.9822,-80.3312,311.9,4.2,1.9,2001-12-06,1631,Terra,MODIS,37,6.2,287.3,37.5,D,0
-3.9861,-80.3356,312.8,4.2,1.9,2001-12-06,1631,Terra,MODIS,49,6.2,288.2,45.1,D,0
-4.6514,-80.2285,322.2,1.4,1.2,2001-12-07,1536,Terra,MODIS,52,6.2,299.5,13.5,D,0
-5.9675,-78.2045,320.2,1.6,1.2,2001-12-09,1524,Terra,MODIS,56,6.2,296.2,21.8,D,0
-6.7278,-79.7555,328.9,2,1.4,2001-12-09,1524,Terra,MODIS,81,6.2,296.1,44.5,D,0
-6.7292,-79.7627,322.5,2,1.4,2001-12-09,1524,Terra,MODIS,68,6.2,296.3,23,D,0
-6.7322,-79.7445,322.5,2,1.4,2001-12-09,1524,Terra,MODIS,64,6.2,296.1,23.9,D,0
-13.3687,-73.62,334.9,1.1,1,2001-12-11,1513,Terra,MODIS,57,6.2,309.8,23.4,D,0
-13.37,-73.6114,334.9,1.1,1,2001-12-11,1513,Terra,MODIS,60,6.2,312.2,22.8,D,0
-15.0323,-73.3391,340.4,1,1,2001-12-11,1514,Terra,MODIS,84,6.2,311.9,28.8,D,0
-12.8338,-73.8216,308.2,1.1,1,2001-12-12,0328,Terra,MODIS,74,6.2,277.9,14.3,N,0
-3.8843,-80.1956,326.2,1,1,2001-12-12,1554,Terra,MODIS,72,6.2,292.2,17.3,D,0
-3.8856,-80.1866,330.6,1,1,2001-12-12,1554,Terra,MODIS,76,6.2,292.1,23.2,D,0
-5.339,-79.876,322.9,1,1,2001-12-12,1554,Terra,MODIS,39,6.2,303.5,8.2,D,0
-5.9117,-78.9538,328.3,1.2,1.1,2001-12-12,1554,Terra,MODIS,80,6.2,300.6,24.8,D,0
-6.4882,-76.36,313.6,1.7,1.3,2001-12-12,1554,Terra,MODIS,45,6.2,294.9,13.8,D,0
-6.7259,-79.6958,331.5,1.1,1,2001-12-12,1555,Terra,MODIS,83,6.2,300.1,21.5,D,0
-6.7273,-79.686,326.4,1.1,1,2001-12-12,1555,Terra,MODIS,69,6.2,297.8,15,D,0
-6.7197,-79.8723,325.3,1.1,1,2001-12-12,1555,Terra,MODIS,75,6.2,300.8,11.3,D,0
-6.7211,-79.8627,325.2,1.1,1,2001-12-12,1555,Terra,MODIS,75,6.2,300.9,11,D,0
-6.852,-79.5898,326.7,1.1,1,2001-12-12,1555,Terra,MODIS,64,6.2,303.2,10.2,D,0
-4.5588,-79.807,330.6,1.1,1,2001-12-14,1542,Terra,MODIS,78,6.2,300.3,22.4,D,0
-6.1231,-79.141,317.6,1,1,2001-12-14,1542,Terra,MODIS,51,6.2,293.9,8.2,D,0
-7.1814,-79.4563,323.7,1,1,2001-12-14,1542,Terra,MODIS,51,6.2,289.9,12.1,D,0
-10.3881,-77.3916,333.1,1.1,1,2001-12-16,1531,Terra,MODIS,83,6.2,304.5,23.3,D,0
-12.7303,-75.8138,332.8,1,1,2001-12-16,1531,Terra,MODIS,68,6.2,303.4,24.5,D,0
-17.4959,-71.3482,322.1,2,1.4,2001-12-16,1532,Terra,MODIS,39,6.2,301.9,18,D,0
-12.5951,-69.1896,313.3,1.5,1.2,2001-12-18,1519,Terra,MODIS,33,6.2,293.4,12.6,D,0
-17.4946,-71.3545,303,1,1,2001-12-19,0332,Terra,MODIS,52,6.2,288.8,6.3,N,0
-17.4855,-71.356,303.6,1,1,2001-12-19,0332,Terra,MODIS,56,6.2,288.6,6.6,N,0
-6.7794,-79.7023,353.8,1.3,1.1,2001-12-19,1600,Terra,MODIS,97,6.2,298.2,87.6,D,0
-6.781,-79.6907,352.3,1.3,1.1,2001-12-19,1600,Terra,MODIS,96,6.2,297.4,83.7,D,0
-6.1418,-79.658,324.2,1,1,2001-12-21,1548,Terra,MODIS,62,6.2,303.7,7.1,D,0
-15.1783,-72.7752,330.5,1.7,1.3,2001-12-22,1455,Terra,MODIS,78,6.2,309.2,34.8,D,0
-7.8574,-79.2113,325.3,1.1,1.1,2001-12-23,1536,Terra,MODIS,68,6.2,296.4,17.3,D,0
-11.0606,-77.4476,325.6,1,1,2001-12-23,1537,Terra,MODIS,58,6.2,304.1,8.3,D,0
-11.062,-77.4385,327.7,1,1,2001-12-23,1537,Terra,MODIS,75,6.2,303.3,10.4,D,0
-7.3795,-78.9131,305.8,1.2,1.1,2001-12-28,1554,Terra,MODIS,21,6.2,288.6,4,D,0
-11.2381,-75.9801,312.8,2.6,1.6,2001-12-29,1500,Terra,MODIS,31,6.2,287,35.3,D,0
-6.6769,-79.6722,320.8,3.9,1.8,2001-12-31,1625,Terra,MODIS,33,6.2,294.5,65.1,D,0
